{"event": "hyperparameters_configured", "timestamp": 1774533723.3160148, "block_size": 128, "batch_size": 64, "vocab_size": 16000, "n_layer": 6, "n_head": 8, "d_model": 512, "dropout": 0.1, "lr": 0.006, "weight_decay": 0.0, "evals_per_epoch": 3, "epochs": 7, "seed": 1337, "num_titles": 100000, "val_frac": 0.1, "log_file": "./logs/mainrun.log"}
{"event": "device_info", "timestamp": 1774533723.3870525, "device": "cuda"}
{"event": "dataset_info", "timestamp": 1774533731.1347237, "titles_count": 90000, "epochs": 7, "batches_per_epoch": 134, "tokens_per_epoch": 1102455, "vocab_size": 16000}
{"event": "model_info", "timestamp": 1774533731.433951, "parameters_count": 27172864}
{"event": "training_step", "timestamp": 1774533732.214269, "step": 1, "max_steps": 938, "loss": 9.77013111114502, "elapsed_time": 0.17103362083435059, "prnt": false}
{"event": "validation_step", "timestamp": 1774533732.4451525, "step": 1, "max_steps": 938, "loss": 2.098003601771579, "elapsed_time": 0.17103362083435059}
{"event": "training_step", "timestamp": 1774533732.4920237, "step": 2, "max_steps": 938, "loss": 9.769457817077637, "elapsed_time": 0.40873098373413086, "prnt": false}
{"event": "training_step", "timestamp": 1774533732.538668, "step": 3, "max_steps": 938, "loss": 9.741109848022461, "elapsed_time": 0.45476198196411133, "prnt": false}
{"event": "training_step", "timestamp": 1774533732.585264, "step": 4, "max_steps": 938, "loss": 9.721470832824707, "elapsed_time": 0.5012912750244141, "prnt": false}
{"event": "training_step", "timestamp": 1774533732.6319969, "step": 5, "max_steps": 938, "loss": 9.715497016906738, "elapsed_time": 0.5479073524475098, "prnt": false}
{"event": "training_step", "timestamp": 1774533732.6786618, "step": 6, "max_steps": 938, "loss": 9.700166702270508, "elapsed_time": 0.594545841217041, "prnt": false}
{"event": "training_step", "timestamp": 1774533732.7252884, "step": 7, "max_steps": 938, "loss": 9.675185203552246, "elapsed_time": 0.6412780284881592, "prnt": false}
{"event": "training_step", "timestamp": 1774533732.772049, "step": 8, "max_steps": 938, "loss": 9.656553268432617, "elapsed_time": 0.6879935264587402, "prnt": false}
{"event": "training_step", "timestamp": 1774533732.8186398, "step": 9, "max_steps": 938, "loss": 9.645087242126465, "elapsed_time": 0.7345631122589111, "prnt": false}
{"event": "training_step", "timestamp": 1774533732.865268, "step": 10, "max_steps": 938, "loss": 9.62542724609375, "elapsed_time": 0.7811658382415771, "prnt": false}
{"event": "training_step", "timestamp": 1774533732.9120228, "step": 11, "max_steps": 938, "loss": 9.599372863769531, "elapsed_time": 0.8278911113739014, "prnt": false}
{"event": "training_step", "timestamp": 1774533732.9586356, "step": 12, "max_steps": 938, "loss": 9.583868026733398, "elapsed_time": 0.8745644092559814, "prnt": false}
{"event": "training_step", "timestamp": 1774533733.0052984, "step": 13, "max_steps": 938, "loss": 9.57839298248291, "elapsed_time": 0.9210925102233887, "prnt": false}
{"event": "training_step", "timestamp": 1774533733.052117, "step": 14, "max_steps": 938, "loss": 9.565240859985352, "elapsed_time": 0.96795654296875, "prnt": false}
{"event": "training_step", "timestamp": 1774533733.0988147, "step": 15, "max_steps": 938, "loss": 9.557836532592773, "elapsed_time": 1.0146496295928955, "prnt": false}
{"event": "training_step", "timestamp": 1774533733.145507, "step": 16, "max_steps": 938, "loss": 9.513189315795898, "elapsed_time": 1.061333179473877, "prnt": false}
{"event": "training_step", "timestamp": 1774533733.1922722, "step": 17, "max_steps": 938, "loss": 9.500625610351562, "elapsed_time": 1.108104944229126, "prnt": false}
{"event": "training_step", "timestamp": 1774533733.2389357, "step": 18, "max_steps": 938, "loss": 9.497759819030762, "elapsed_time": 1.154799461364746, "prnt": false}
{"event": "training_step", "timestamp": 1774533733.285585, "step": 19, "max_steps": 938, "loss": 9.466018676757812, "elapsed_time": 1.2014756202697754, "prnt": false}
{"event": "training_step", "timestamp": 1774533733.3323514, "step": 20, "max_steps": 938, "loss": 9.471097946166992, "elapsed_time": 1.248244285583496, "prnt": false}
{"event": "training_step", "timestamp": 1774533733.3790512, "step": 21, "max_steps": 938, "loss": 9.44538688659668, "elapsed_time": 1.2949156761169434, "prnt": false}
{"event": "training_step", "timestamp": 1774533733.4256887, "step": 22, "max_steps": 938, "loss": 9.432903289794922, "elapsed_time": 1.3415992259979248, "prnt": false}
{"event": "training_step", "timestamp": 1774533733.4724095, "step": 23, "max_steps": 938, "loss": 9.413241386413574, "elapsed_time": 1.3883111476898193, "prnt": false}
{"event": "training_step", "timestamp": 1774533733.519058, "step": 24, "max_steps": 938, "loss": 9.402114868164062, "elapsed_time": 1.4349541664123535, "prnt": false}
{"event": "training_step", "timestamp": 1774533733.5657485, "step": 25, "max_steps": 938, "loss": 9.367027282714844, "elapsed_time": 1.4815542697906494, "prnt": false}
{"event": "training_step", "timestamp": 1774533733.6125262, "step": 26, "max_steps": 938, "loss": 9.36913776397705, "elapsed_time": 1.528418779373169, "prnt": false}
{"event": "training_step", "timestamp": 1774533733.659299, "step": 27, "max_steps": 938, "loss": 9.34589958190918, "elapsed_time": 1.5755298137664795, "prnt": false}
{"event": "training_step", "timestamp": 1774533733.7059188, "step": 28, "max_steps": 938, "loss": 9.336450576782227, "elapsed_time": 1.621889591217041, "prnt": false}
{"event": "training_step", "timestamp": 1774533733.7526681, "step": 29, "max_steps": 938, "loss": 9.309300422668457, "elapsed_time": 1.668541669845581, "prnt": false}
{"event": "training_step", "timestamp": 1774533733.7993784, "step": 30, "max_steps": 938, "loss": 9.286298751831055, "elapsed_time": 1.715196132659912, "prnt": false}
{"event": "training_step", "timestamp": 1774533733.8460622, "step": 31, "max_steps": 938, "loss": 9.277267456054688, "elapsed_time": 1.7618739604949951, "prnt": false}
{"event": "training_step", "timestamp": 1774533733.892759, "step": 32, "max_steps": 938, "loss": 9.284333229064941, "elapsed_time": 1.8086707592010498, "prnt": false}
{"event": "training_step", "timestamp": 1774533733.9394374, "step": 33, "max_steps": 938, "loss": 9.265021324157715, "elapsed_time": 1.855247974395752, "prnt": false}
{"event": "training_step", "timestamp": 1774533733.9861445, "step": 34, "max_steps": 938, "loss": 9.243947982788086, "elapsed_time": 1.9018926620483398, "prnt": false}
{"event": "training_step", "timestamp": 1774533734.0329032, "step": 35, "max_steps": 938, "loss": 9.223987579345703, "elapsed_time": 1.948699712753296, "prnt": false}
{"event": "training_step", "timestamp": 1774533734.079529, "step": 36, "max_steps": 938, "loss": 9.21521282196045, "elapsed_time": 1.9954323768615723, "prnt": false}
{"event": "training_step", "timestamp": 1774533734.1261566, "step": 37, "max_steps": 938, "loss": 9.206254959106445, "elapsed_time": 2.041980743408203, "prnt": false}
{"event": "training_step", "timestamp": 1774533734.1728752, "step": 38, "max_steps": 938, "loss": 9.183547973632812, "elapsed_time": 2.088698148727417, "prnt": false}
{"event": "training_step", "timestamp": 1774533734.2196143, "step": 39, "max_steps": 938, "loss": 9.190055847167969, "elapsed_time": 2.1353445053100586, "prnt": false}
{"event": "training_step", "timestamp": 1774533734.2662964, "step": 40, "max_steps": 938, "loss": 9.169373512268066, "elapsed_time": 2.182135581970215, "prnt": false}
{"event": "training_step", "timestamp": 1774533734.3130171, "step": 41, "max_steps": 938, "loss": 9.185047149658203, "elapsed_time": 2.228867292404175, "prnt": false}
{"event": "training_step", "timestamp": 1774533734.3597388, "step": 42, "max_steps": 938, "loss": 9.134317398071289, "elapsed_time": 2.27557110786438, "prnt": false}
{"event": "training_step", "timestamp": 1774533734.4064329, "step": 43, "max_steps": 938, "loss": 9.127530097961426, "elapsed_time": 2.322202682495117, "prnt": false}
{"event": "training_step", "timestamp": 1774533734.4531784, "step": 44, "max_steps": 938, "loss": 9.103808403015137, "elapsed_time": 2.3690009117126465, "prnt": false}
{"event": "validation_step", "timestamp": 1774533734.6834865, "step": 44, "max_steps": 938, "loss": 1.9501669731713307, "elapsed_time": 2.3690009117126465}
{"event": "training_step", "timestamp": 1774533734.7302449, "step": 45, "max_steps": 938, "loss": 9.116597175598145, "elapsed_time": 2.646517515182495, "prnt": false}
{"event": "training_step", "timestamp": 1774533734.776871, "step": 46, "max_steps": 938, "loss": 9.079870223999023, "elapsed_time": 2.6928603649139404, "prnt": false}
{"event": "training_step", "timestamp": 1774533734.8236244, "step": 47, "max_steps": 938, "loss": 9.07718276977539, "elapsed_time": 2.739473342895508, "prnt": false}
{"event": "training_step", "timestamp": 1774533734.8702786, "step": 48, "max_steps": 938, "loss": 9.101005554199219, "elapsed_time": 2.7861218452453613, "prnt": false}
{"event": "training_step", "timestamp": 1774533734.9168916, "step": 49, "max_steps": 938, "loss": 9.057137489318848, "elapsed_time": 2.8328146934509277, "prnt": false}
{"event": "training_step", "timestamp": 1774533734.9635415, "step": 50, "max_steps": 938, "loss": 9.07853889465332, "elapsed_time": 2.879498243331909, "prnt": false}
{"event": "training_step", "timestamp": 1774533735.0101035, "step": 51, "max_steps": 938, "loss": 9.061299324035645, "elapsed_time": 2.926041603088379, "prnt": false}
{"event": "training_step", "timestamp": 1774533735.0567582, "step": 52, "max_steps": 938, "loss": 9.065532684326172, "elapsed_time": 2.9727749824523926, "prnt": false}
{"event": "training_step", "timestamp": 1774533735.1034307, "step": 53, "max_steps": 938, "loss": 9.048999786376953, "elapsed_time": 3.019347906112671, "prnt": false}
{"event": "training_step", "timestamp": 1774533735.1500492, "step": 54, "max_steps": 938, "loss": 9.033370971679688, "elapsed_time": 3.0660219192504883, "prnt": false}
{"event": "training_step", "timestamp": 1774533735.196682, "step": 55, "max_steps": 938, "loss": 9.014862060546875, "elapsed_time": 3.1126418113708496, "prnt": false}
{"event": "training_step", "timestamp": 1774533735.2433636, "step": 56, "max_steps": 938, "loss": 8.99344539642334, "elapsed_time": 3.159327268600464, "prnt": false}
{"event": "training_step", "timestamp": 1774533735.2900171, "step": 57, "max_steps": 938, "loss": 9.02741813659668, "elapsed_time": 3.206190586090088, "prnt": false}
{"event": "training_step", "timestamp": 1774533735.336629, "step": 58, "max_steps": 938, "loss": 8.996209144592285, "elapsed_time": 3.25266432762146, "prnt": false}
{"event": "training_step", "timestamp": 1774533735.3832603, "step": 59, "max_steps": 938, "loss": 9.004435539245605, "elapsed_time": 3.299243688583374, "prnt": false}
{"event": "training_step", "timestamp": 1774533735.429849, "step": 60, "max_steps": 938, "loss": 9.004563331604004, "elapsed_time": 3.345784902572632, "prnt": false}
{"event": "training_step", "timestamp": 1774533735.4764583, "step": 61, "max_steps": 938, "loss": 8.984057426452637, "elapsed_time": 3.392353057861328, "prnt": false}
{"event": "training_step", "timestamp": 1774533735.5231905, "step": 62, "max_steps": 938, "loss": 8.995107650756836, "elapsed_time": 3.4390928745269775, "prnt": false}
{"event": "training_step", "timestamp": 1774533735.5699568, "step": 63, "max_steps": 938, "loss": 8.990974426269531, "elapsed_time": 3.485767126083374, "prnt": false}
{"event": "training_step", "timestamp": 1774533735.6167364, "step": 64, "max_steps": 938, "loss": 8.958707809448242, "elapsed_time": 3.5324618816375732, "prnt": false}
{"event": "training_step", "timestamp": 1774533735.6635492, "step": 65, "max_steps": 938, "loss": 8.977947235107422, "elapsed_time": 3.579294204711914, "prnt": false}
{"event": "training_step", "timestamp": 1774533735.7104058, "step": 66, "max_steps": 938, "loss": 8.931218147277832, "elapsed_time": 3.6260385513305664, "prnt": false}
{"event": "training_step", "timestamp": 1774533735.757283, "step": 67, "max_steps": 938, "loss": 8.942340850830078, "elapsed_time": 3.672905445098877, "prnt": false}
{"event": "training_step", "timestamp": 1774533735.8042405, "step": 68, "max_steps": 938, "loss": 8.953214645385742, "elapsed_time": 3.719836473464966, "prnt": false}
{"event": "training_step", "timestamp": 1774533735.8511024, "step": 69, "max_steps": 938, "loss": 8.9290132522583, "elapsed_time": 3.766761064529419, "prnt": false}
{"event": "training_step", "timestamp": 1774533735.8980024, "step": 70, "max_steps": 938, "loss": 8.927355766296387, "elapsed_time": 3.813607692718506, "prnt": false}
{"event": "training_step", "timestamp": 1774533735.9448276, "step": 71, "max_steps": 938, "loss": 8.922239303588867, "elapsed_time": 3.860602617263794, "prnt": false}
{"event": "training_step", "timestamp": 1774533735.991691, "step": 72, "max_steps": 938, "loss": 8.909527778625488, "elapsed_time": 3.907367706298828, "prnt": false}
{"event": "training_step", "timestamp": 1774533736.0384948, "step": 73, "max_steps": 938, "loss": 8.890738487243652, "elapsed_time": 3.9542007446289062, "prnt": false}
{"event": "training_step", "timestamp": 1774533736.085328, "step": 74, "max_steps": 938, "loss": 8.9168062210083, "elapsed_time": 4.001077175140381, "prnt": false}
{"event": "training_step", "timestamp": 1774533736.1320376, "step": 75, "max_steps": 938, "loss": 8.909873962402344, "elapsed_time": 4.0480077266693115, "prnt": false}
{"event": "training_step", "timestamp": 1774533736.1787636, "step": 76, "max_steps": 938, "loss": 8.879542350769043, "elapsed_time": 4.094625473022461, "prnt": false}
{"event": "training_step", "timestamp": 1774533736.225582, "step": 77, "max_steps": 938, "loss": 8.870196342468262, "elapsed_time": 4.14139723777771, "prnt": false}
{"event": "training_step", "timestamp": 1774533736.2722445, "step": 78, "max_steps": 938, "loss": 8.852876663208008, "elapsed_time": 4.188206911087036, "prnt": false}
{"event": "training_step", "timestamp": 1774533736.3189378, "step": 79, "max_steps": 938, "loss": 8.860434532165527, "elapsed_time": 4.234819412231445, "prnt": false}
{"event": "training_step", "timestamp": 1774533736.3657026, "step": 80, "max_steps": 938, "loss": 8.869221687316895, "elapsed_time": 4.28162145614624, "prnt": false}
{"event": "training_step", "timestamp": 1774533736.4124286, "step": 81, "max_steps": 938, "loss": 8.849600791931152, "elapsed_time": 4.328277349472046, "prnt": false}
{"event": "training_step", "timestamp": 1774533736.4591923, "step": 82, "max_steps": 938, "loss": 8.86141300201416, "elapsed_time": 4.375024318695068, "prnt": false}
{"event": "training_step", "timestamp": 1774533736.5060015, "step": 83, "max_steps": 938, "loss": 8.858860969543457, "elapsed_time": 4.422062635421753, "prnt": false}
{"event": "training_step", "timestamp": 1774533736.552704, "step": 84, "max_steps": 938, "loss": 8.847078323364258, "elapsed_time": 4.468595743179321, "prnt": false}
{"event": "training_step", "timestamp": 1774533736.5993974, "step": 85, "max_steps": 938, "loss": 8.839275360107422, "elapsed_time": 4.5152952671051025, "prnt": false}
{"event": "training_step", "timestamp": 1774533736.6461055, "step": 86, "max_steps": 938, "loss": 8.835731506347656, "elapsed_time": 4.562052488327026, "prnt": false}
{"event": "training_step", "timestamp": 1774533736.692797, "step": 87, "max_steps": 938, "loss": 8.82776165008545, "elapsed_time": 4.608745574951172, "prnt": false}
{"event": "training_step", "timestamp": 1774533736.7395203, "step": 88, "max_steps": 938, "loss": 8.799246788024902, "elapsed_time": 4.655337572097778, "prnt": false}
{"event": "validation_step", "timestamp": 1774533736.9698706, "step": 88, "max_steps": 938, "loss": 1.8875914651008876, "elapsed_time": 4.655337572097778}
{"event": "training_step", "timestamp": 1774533737.016677, "step": 89, "max_steps": 938, "loss": 8.798551559448242, "elapsed_time": 4.933084726333618, "prnt": false}
{"event": "training_step", "timestamp": 1774533737.0633907, "step": 90, "max_steps": 938, "loss": 8.830445289611816, "elapsed_time": 4.97947883605957, "prnt": false}
{"event": "training_step", "timestamp": 1774533737.1100676, "step": 91, "max_steps": 938, "loss": 8.795184135437012, "elapsed_time": 5.02602481842041, "prnt": false}
{"event": "training_step", "timestamp": 1774533737.1568544, "step": 92, "max_steps": 938, "loss": 8.772382736206055, "elapsed_time": 5.0726916790008545, "prnt": false}
{"event": "training_step", "timestamp": 1774533737.2034996, "step": 93, "max_steps": 938, "loss": 8.766992568969727, "elapsed_time": 5.119455099105835, "prnt": false}
{"event": "training_step", "timestamp": 1774533737.2501802, "step": 94, "max_steps": 938, "loss": 8.782857894897461, "elapsed_time": 5.16607666015625, "prnt": false}
{"event": "training_step", "timestamp": 1774533737.2969468, "step": 95, "max_steps": 938, "loss": 8.770277976989746, "elapsed_time": 5.212829351425171, "prnt": false}
{"event": "training_step", "timestamp": 1774533737.343647, "step": 96, "max_steps": 938, "loss": 8.785876274108887, "elapsed_time": 5.259467840194702, "prnt": false}
{"event": "training_step", "timestamp": 1774533737.390266, "step": 97, "max_steps": 938, "loss": 8.785154342651367, "elapsed_time": 5.306139945983887, "prnt": false}
{"event": "training_step", "timestamp": 1774533737.4370403, "step": 98, "max_steps": 938, "loss": 8.76683235168457, "elapsed_time": 5.352942705154419, "prnt": false}
{"event": "training_step", "timestamp": 1774533737.483762, "step": 99, "max_steps": 938, "loss": 8.771842002868652, "elapsed_time": 5.399543285369873, "prnt": false}
{"event": "training_step", "timestamp": 1774533737.5304377, "step": 100, "max_steps": 938, "loss": 8.741908073425293, "elapsed_time": 5.446318626403809, "prnt": false}
{"event": "training_step", "timestamp": 1774533737.577207, "step": 101, "max_steps": 938, "loss": 8.73779010772705, "elapsed_time": 5.4930877685546875, "prnt": false}
{"event": "training_step", "timestamp": 1774533737.6239247, "step": 102, "max_steps": 938, "loss": 8.725504875183105, "elapsed_time": 5.539764404296875, "prnt": false}
{"event": "training_step", "timestamp": 1774533737.670565, "step": 103, "max_steps": 938, "loss": 8.752436637878418, "elapsed_time": 5.586480617523193, "prnt": false}
{"event": "training_step", "timestamp": 1774533737.7173424, "step": 104, "max_steps": 938, "loss": 8.717108726501465, "elapsed_time": 5.633336305618286, "prnt": false}
{"event": "training_step", "timestamp": 1774533737.7640002, "step": 105, "max_steps": 938, "loss": 8.719568252563477, "elapsed_time": 5.67988920211792, "prnt": false}
{"event": "training_step", "timestamp": 1774533737.8106744, "step": 106, "max_steps": 938, "loss": 8.701510429382324, "elapsed_time": 5.726516962051392, "prnt": false}
{"event": "training_step", "timestamp": 1774533737.8574426, "step": 107, "max_steps": 938, "loss": 8.71929931640625, "elapsed_time": 5.773298263549805, "prnt": false}
{"event": "training_step", "timestamp": 1774533737.9041219, "step": 108, "max_steps": 938, "loss": 8.700990676879883, "elapsed_time": 5.81995153427124, "prnt": false}
{"event": "training_step", "timestamp": 1774533737.950753, "step": 109, "max_steps": 938, "loss": 8.682010650634766, "elapsed_time": 5.866663217544556, "prnt": false}
{"event": "training_step", "timestamp": 1774533737.9975164, "step": 110, "max_steps": 938, "loss": 8.72551155090332, "elapsed_time": 5.913378000259399, "prnt": false}
{"event": "training_step", "timestamp": 1774533738.0442095, "step": 111, "max_steps": 938, "loss": 8.6829252243042, "elapsed_time": 5.960012912750244, "prnt": false}
{"event": "training_step", "timestamp": 1774533738.0908842, "step": 112, "max_steps": 938, "loss": 8.676318168640137, "elapsed_time": 6.006738662719727, "prnt": false}
{"event": "training_step", "timestamp": 1774533738.1376505, "step": 113, "max_steps": 938, "loss": 8.675198554992676, "elapsed_time": 6.053545951843262, "prnt": false}
{"event": "training_step", "timestamp": 1774533738.1842732, "step": 114, "max_steps": 938, "loss": 8.677578926086426, "elapsed_time": 6.100166082382202, "prnt": false}
{"event": "training_step", "timestamp": 1774533738.230981, "step": 115, "max_steps": 938, "loss": 8.693334579467773, "elapsed_time": 6.1467695236206055, "prnt": false}
{"event": "training_step", "timestamp": 1774533738.2776613, "step": 116, "max_steps": 938, "loss": 8.636289596557617, "elapsed_time": 6.193577289581299, "prnt": false}
{"event": "training_step", "timestamp": 1774533738.3242896, "step": 117, "max_steps": 938, "loss": 8.681199073791504, "elapsed_time": 6.240174293518066, "prnt": false}
{"event": "training_step", "timestamp": 1774533738.3709497, "step": 118, "max_steps": 938, "loss": 8.6700439453125, "elapsed_time": 6.286823511123657, "prnt": false}
{"event": "training_step", "timestamp": 1774533738.4177196, "step": 119, "max_steps": 938, "loss": 8.650832176208496, "elapsed_time": 6.333624362945557, "prnt": false}
{"event": "training_step", "timestamp": 1774533738.4644248, "step": 120, "max_steps": 938, "loss": 8.665363311767578, "elapsed_time": 6.380258798599243, "prnt": false}
{"event": "training_step", "timestamp": 1774533738.5111196, "step": 121, "max_steps": 938, "loss": 8.62499713897705, "elapsed_time": 6.42695426940918, "prnt": false}
{"event": "training_step", "timestamp": 1774533738.5579326, "step": 122, "max_steps": 938, "loss": 8.663467407226562, "elapsed_time": 6.473739147186279, "prnt": false}
{"event": "training_step", "timestamp": 1774533738.604623, "step": 123, "max_steps": 938, "loss": 8.609685897827148, "elapsed_time": 6.520466089248657, "prnt": false}
{"event": "training_step", "timestamp": 1774533738.651389, "step": 124, "max_steps": 938, "loss": 8.622663497924805, "elapsed_time": 6.567122459411621, "prnt": false}
{"event": "training_step", "timestamp": 1774533738.6981432, "step": 125, "max_steps": 938, "loss": 8.600372314453125, "elapsed_time": 6.614070177078247, "prnt": false}
{"event": "training_step", "timestamp": 1774533738.74476, "step": 126, "max_steps": 938, "loss": 8.630224227905273, "elapsed_time": 6.660748720169067, "prnt": false}
{"event": "training_step", "timestamp": 1774533738.7914712, "step": 127, "max_steps": 938, "loss": 8.629690170288086, "elapsed_time": 6.707280397415161, "prnt": false}
{"event": "training_step", "timestamp": 1774533738.8382375, "step": 128, "max_steps": 938, "loss": 8.600242614746094, "elapsed_time": 6.754054307937622, "prnt": false}
{"event": "training_step", "timestamp": 1774533738.8849058, "step": 129, "max_steps": 938, "loss": 8.617192268371582, "elapsed_time": 6.8008458614349365, "prnt": false}
{"event": "training_step", "timestamp": 1774533738.9316134, "step": 130, "max_steps": 938, "loss": 8.615797996520996, "elapsed_time": 6.847428798675537, "prnt": false}
{"event": "training_step", "timestamp": 1774533738.9783428, "step": 131, "max_steps": 938, "loss": 8.591489791870117, "elapsed_time": 6.894209384918213, "prnt": false}
{"event": "training_step", "timestamp": 1774533739.0249782, "step": 132, "max_steps": 938, "loss": 8.599140167236328, "elapsed_time": 6.940855026245117, "prnt": false}
{"event": "validation_step", "timestamp": 1774533739.2552226, "step": 132, "max_steps": 938, "loss": 1.842155922832539, "elapsed_time": 6.940855026245117}
{"event": "training_step", "timestamp": 1774533739.301929, "step": 133, "max_steps": 938, "loss": 8.598624229431152, "elapsed_time": 7.218129634857178, "prnt": false}
{"event": "training_step", "timestamp": 1774533739.3486638, "step": 134, "max_steps": 938, "loss": 8.600197792053223, "elapsed_time": 7.264582633972168, "prnt": false}
{"event": "training_step", "timestamp": 1774533739.395526, "step": 135, "max_steps": 938, "loss": 8.594038009643555, "elapsed_time": 7.311373472213745, "prnt": false}
{"event": "training_step", "timestamp": 1774533739.4422824, "step": 136, "max_steps": 938, "loss": 8.590794563293457, "elapsed_time": 7.35807204246521, "prnt": false}
{"event": "training_step", "timestamp": 1774533739.4889717, "step": 137, "max_steps": 938, "loss": 8.584318161010742, "elapsed_time": 7.404799699783325, "prnt": false}
{"event": "training_step", "timestamp": 1774533739.535683, "step": 138, "max_steps": 938, "loss": 8.599328994750977, "elapsed_time": 7.451586484909058, "prnt": false}
{"event": "training_step", "timestamp": 1774533739.5823202, "step": 139, "max_steps": 938, "loss": 8.583285331726074, "elapsed_time": 7.498165130615234, "prnt": false}
{"event": "training_step", "timestamp": 1774533739.628926, "step": 140, "max_steps": 938, "loss": 8.588174819946289, "elapsed_time": 7.54487943649292, "prnt": false}
{"event": "training_step", "timestamp": 1774533739.6757205, "step": 141, "max_steps": 938, "loss": 8.550591468811035, "elapsed_time": 7.591618061065674, "prnt": false}
{"event": "training_step", "timestamp": 1774533739.722364, "step": 142, "max_steps": 938, "loss": 8.554642677307129, "elapsed_time": 7.638257265090942, "prnt": false}
{"event": "training_step", "timestamp": 1774533739.7690187, "step": 143, "max_steps": 938, "loss": 8.575448989868164, "elapsed_time": 7.6849634647369385, "prnt": false}
{"event": "training_step", "timestamp": 1774533739.815737, "step": 144, "max_steps": 938, "loss": 8.576099395751953, "elapsed_time": 7.731644153594971, "prnt": false}
{"event": "training_step", "timestamp": 1774533739.8624115, "step": 145, "max_steps": 938, "loss": 8.518453598022461, "elapsed_time": 7.778242826461792, "prnt": false}
{"event": "training_step", "timestamp": 1774533739.9091067, "step": 146, "max_steps": 938, "loss": 8.54076099395752, "elapsed_time": 7.824969053268433, "prnt": false}
{"event": "training_step", "timestamp": 1774533739.9557984, "step": 147, "max_steps": 938, "loss": 8.533219337463379, "elapsed_time": 7.871736764907837, "prnt": false}
{"event": "training_step", "timestamp": 1774533740.0024667, "step": 148, "max_steps": 938, "loss": 8.559529304504395, "elapsed_time": 7.918362617492676, "prnt": false}
{"event": "training_step", "timestamp": 1774533740.0491307, "step": 149, "max_steps": 938, "loss": 8.567651748657227, "elapsed_time": 7.965047121047974, "prnt": false}
{"event": "training_step", "timestamp": 1774533740.0959432, "step": 150, "max_steps": 938, "loss": 8.517373085021973, "elapsed_time": 8.011763572692871, "prnt": false}
{"event": "training_step", "timestamp": 1774533740.1425543, "step": 151, "max_steps": 938, "loss": 8.541894912719727, "elapsed_time": 8.058411359786987, "prnt": false}
{"event": "training_step", "timestamp": 1774533740.1892183, "step": 152, "max_steps": 938, "loss": 8.541229248046875, "elapsed_time": 8.105029821395874, "prnt": false}
{"event": "training_step", "timestamp": 1774533740.2359605, "step": 153, "max_steps": 938, "loss": 8.531400680541992, "elapsed_time": 8.15180778503418, "prnt": false}
{"event": "training_step", "timestamp": 1774533740.2826176, "step": 154, "max_steps": 938, "loss": 8.549713134765625, "elapsed_time": 8.198521137237549, "prnt": false}
{"event": "training_step", "timestamp": 1774533740.3293047, "step": 155, "max_steps": 938, "loss": 8.519148826599121, "elapsed_time": 8.245152711868286, "prnt": false}
{"event": "training_step", "timestamp": 1774533740.3760328, "step": 156, "max_steps": 938, "loss": 8.520225524902344, "elapsed_time": 8.291979789733887, "prnt": false}
{"event": "training_step", "timestamp": 1774533740.4227467, "step": 157, "max_steps": 938, "loss": 8.507585525512695, "elapsed_time": 8.33865737915039, "prnt": false}
{"event": "training_step", "timestamp": 1774533740.4694011, "step": 158, "max_steps": 938, "loss": 8.51756763458252, "elapsed_time": 8.385272741317749, "prnt": false}
{"event": "training_step", "timestamp": 1774533740.5161312, "step": 159, "max_steps": 938, "loss": 8.472172737121582, "elapsed_time": 8.432000875473022, "prnt": false}
{"event": "training_step", "timestamp": 1774533740.5627928, "step": 160, "max_steps": 938, "loss": 8.4857177734375, "elapsed_time": 8.478674173355103, "prnt": false}
{"event": "training_step", "timestamp": 1774533740.609455, "step": 161, "max_steps": 938, "loss": 8.487630844116211, "elapsed_time": 8.525327920913696, "prnt": false}
{"event": "training_step", "timestamp": 1774533740.6561847, "step": 162, "max_steps": 938, "loss": 8.503826141357422, "elapsed_time": 8.572048425674438, "prnt": false}
{"event": "training_step", "timestamp": 1774533740.7029035, "step": 163, "max_steps": 938, "loss": 8.475244522094727, "elapsed_time": 8.618721723556519, "prnt": false}
{"event": "training_step", "timestamp": 1774533740.7495413, "step": 164, "max_steps": 938, "loss": 8.486358642578125, "elapsed_time": 8.665483713150024, "prnt": false}
{"event": "training_step", "timestamp": 1774533740.7962902, "step": 165, "max_steps": 938, "loss": 8.471562385559082, "elapsed_time": 8.712141990661621, "prnt": false}
{"event": "training_step", "timestamp": 1774533740.842965, "step": 166, "max_steps": 938, "loss": 8.510169982910156, "elapsed_time": 8.758875846862793, "prnt": false}
{"event": "training_step", "timestamp": 1774533740.8896549, "step": 167, "max_steps": 938, "loss": 8.486189842224121, "elapsed_time": 8.805500745773315, "prnt": false}
{"event": "training_step", "timestamp": 1774533740.9363904, "step": 168, "max_steps": 938, "loss": 8.457173347473145, "elapsed_time": 8.852259159088135, "prnt": false}
{"event": "training_step", "timestamp": 1774533740.983113, "step": 169, "max_steps": 938, "loss": 8.461874008178711, "elapsed_time": 8.89890193939209, "prnt": false}
{"event": "training_step", "timestamp": 1774533741.0297804, "step": 170, "max_steps": 938, "loss": 8.467650413513184, "elapsed_time": 8.945624828338623, "prnt": false}
{"event": "training_step", "timestamp": 1774533741.0765386, "step": 171, "max_steps": 938, "loss": 8.465715408325195, "elapsed_time": 8.992374897003174, "prnt": false}
{"event": "training_step", "timestamp": 1774533741.1232765, "step": 172, "max_steps": 938, "loss": 8.463507652282715, "elapsed_time": 9.039247751235962, "prnt": false}
{"event": "training_step", "timestamp": 1774533741.1699433, "step": 173, "max_steps": 938, "loss": 8.481220245361328, "elapsed_time": 9.085862398147583, "prnt": false}
{"event": "training_step", "timestamp": 1774533741.2167015, "step": 174, "max_steps": 938, "loss": 8.45007610321045, "elapsed_time": 9.13253140449524, "prnt": false}
{"event": "training_step", "timestamp": 1774533741.2633693, "step": 175, "max_steps": 938, "loss": 8.517434120178223, "elapsed_time": 9.179260969161987, "prnt": false}
{"event": "training_step", "timestamp": 1774533741.3100278, "step": 176, "max_steps": 938, "loss": 8.440105438232422, "elapsed_time": 9.225868701934814, "prnt": false}
{"event": "validation_step", "timestamp": 1774533741.540175, "step": 176, "max_steps": 938, "loss": 1.8146689638306528, "elapsed_time": 9.225868701934814}
{"event": "training_step", "timestamp": 1774533741.5870426, "step": 177, "max_steps": 938, "loss": 8.44814682006836, "elapsed_time": 9.50311827659607, "prnt": false}
{"event": "training_step", "timestamp": 1774533741.6337745, "step": 178, "max_steps": 938, "loss": 8.395230293273926, "elapsed_time": 9.549663305282593, "prnt": false}
{"event": "training_step", "timestamp": 1774533741.680443, "step": 179, "max_steps": 938, "loss": 8.466724395751953, "elapsed_time": 9.596301078796387, "prnt": false}
{"event": "training_step", "timestamp": 1774533741.727151, "step": 180, "max_steps": 938, "loss": 8.413961410522461, "elapsed_time": 9.642993211746216, "prnt": false}
{"event": "training_step", "timestamp": 1774533741.7737608, "step": 181, "max_steps": 938, "loss": 8.426729202270508, "elapsed_time": 9.689677000045776, "prnt": false}
{"event": "training_step", "timestamp": 1774533741.8204622, "step": 182, "max_steps": 938, "loss": 8.480306625366211, "elapsed_time": 9.736291646957397, "prnt": false}
{"event": "training_step", "timestamp": 1774533741.8671424, "step": 183, "max_steps": 938, "loss": 8.422616958618164, "elapsed_time": 9.783034324645996, "prnt": false}
{"event": "training_step", "timestamp": 1774533741.9138741, "step": 184, "max_steps": 938, "loss": 8.46577262878418, "elapsed_time": 9.829822778701782, "prnt": false}
{"event": "training_step", "timestamp": 1774533741.9605443, "step": 185, "max_steps": 938, "loss": 8.45736312866211, "elapsed_time": 9.87640643119812, "prnt": false}
{"event": "training_step", "timestamp": 1774533742.007287, "step": 186, "max_steps": 938, "loss": 8.464462280273438, "elapsed_time": 9.923157215118408, "prnt": false}
{"event": "training_step", "timestamp": 1774533742.0540068, "step": 187, "max_steps": 938, "loss": 8.440738677978516, "elapsed_time": 9.96980357170105, "prnt": false}
{"event": "training_step", "timestamp": 1774533742.10066, "step": 188, "max_steps": 938, "loss": 8.441450119018555, "elapsed_time": 10.016520977020264, "prnt": false}
{"event": "training_step", "timestamp": 1774533742.147504, "step": 189, "max_steps": 938, "loss": 8.421483039855957, "elapsed_time": 10.063249111175537, "prnt": false}
{"event": "training_step", "timestamp": 1774533742.1941555, "step": 190, "max_steps": 938, "loss": 8.405905723571777, "elapsed_time": 10.110055685043335, "prnt": false}
{"event": "training_step", "timestamp": 1774533742.2408257, "step": 191, "max_steps": 938, "loss": 8.446770668029785, "elapsed_time": 10.15665054321289, "prnt": false}
{"event": "training_step", "timestamp": 1774533742.287544, "step": 192, "max_steps": 938, "loss": 8.40435791015625, "elapsed_time": 10.203439950942993, "prnt": false}
{"event": "training_step", "timestamp": 1774533742.3342202, "step": 193, "max_steps": 938, "loss": 8.4342041015625, "elapsed_time": 10.250099658966064, "prnt": false}
{"event": "training_step", "timestamp": 1774533742.3809216, "step": 194, "max_steps": 938, "loss": 8.454166412353516, "elapsed_time": 10.29674506187439, "prnt": false}
{"event": "training_step", "timestamp": 1774533742.4276397, "step": 195, "max_steps": 938, "loss": 8.438506126403809, "elapsed_time": 10.343508958816528, "prnt": false}
{"event": "training_step", "timestamp": 1774533742.474341, "step": 196, "max_steps": 938, "loss": 8.463077545166016, "elapsed_time": 10.390192985534668, "prnt": false}
{"event": "training_step", "timestamp": 1774533742.5210123, "step": 197, "max_steps": 938, "loss": 8.46572208404541, "elapsed_time": 10.436866760253906, "prnt": false}
{"event": "training_step", "timestamp": 1774533742.567736, "step": 198, "max_steps": 938, "loss": 8.392709732055664, "elapsed_time": 10.483564853668213, "prnt": false}
{"event": "training_step", "timestamp": 1774533742.6144402, "step": 199, "max_steps": 938, "loss": 8.46159553527832, "elapsed_time": 10.530232667922974, "prnt": false}
{"event": "training_step", "timestamp": 1774533742.6611085, "step": 200, "max_steps": 938, "loss": 8.3939847946167, "elapsed_time": 10.57698369026184, "prnt": false}
{"event": "training_step", "timestamp": 1774533742.7078614, "step": 201, "max_steps": 938, "loss": 8.392309188842773, "elapsed_time": 10.62376093864441, "prnt": false}
{"event": "training_step", "timestamp": 1774533742.7545571, "step": 202, "max_steps": 938, "loss": 8.420516967773438, "elapsed_time": 10.670462846755981, "prnt": false}
{"event": "training_step", "timestamp": 1774533742.8012772, "step": 203, "max_steps": 938, "loss": 8.394654273986816, "elapsed_time": 10.717140674591064, "prnt": false}
{"event": "training_step", "timestamp": 1774533742.848102, "step": 204, "max_steps": 938, "loss": 8.402178764343262, "elapsed_time": 10.763891696929932, "prnt": false}
{"event": "training_step", "timestamp": 1774533742.8948085, "step": 205, "max_steps": 938, "loss": 8.398481369018555, "elapsed_time": 10.810643911361694, "prnt": false}
{"event": "training_step", "timestamp": 1774533742.9414449, "step": 206, "max_steps": 938, "loss": 8.41328239440918, "elapsed_time": 10.857330083847046, "prnt": false}
{"event": "training_step", "timestamp": 1774533742.9881728, "step": 207, "max_steps": 938, "loss": 8.376340866088867, "elapsed_time": 10.904071807861328, "prnt": false}
{"event": "training_step", "timestamp": 1774533743.0348532, "step": 208, "max_steps": 938, "loss": 8.422357559204102, "elapsed_time": 10.950746059417725, "prnt": false}
{"event": "training_step", "timestamp": 1774533743.0815, "step": 209, "max_steps": 938, "loss": 8.424479484558105, "elapsed_time": 10.997384309768677, "prnt": false}
{"event": "training_step", "timestamp": 1774533743.128329, "step": 210, "max_steps": 938, "loss": 8.390905380249023, "elapsed_time": 11.044077396392822, "prnt": false}
{"event": "training_step", "timestamp": 1774533743.1750655, "step": 211, "max_steps": 938, "loss": 8.379833221435547, "elapsed_time": 11.090868473052979, "prnt": false}
{"event": "training_step", "timestamp": 1774533743.2217815, "step": 212, "max_steps": 938, "loss": 8.372836112976074, "elapsed_time": 11.137636423110962, "prnt": false}
{"event": "training_step", "timestamp": 1774533743.2685552, "step": 213, "max_steps": 938, "loss": 8.37908935546875, "elapsed_time": 11.184445142745972, "prnt": false}
{"event": "training_step", "timestamp": 1774533743.3152788, "step": 214, "max_steps": 938, "loss": 8.38322639465332, "elapsed_time": 11.231058359146118, "prnt": false}
{"event": "training_step", "timestamp": 1774533743.3619606, "step": 215, "max_steps": 938, "loss": 8.379958152770996, "elapsed_time": 11.277769565582275, "prnt": false}
{"event": "training_step", "timestamp": 1774533743.4086888, "step": 216, "max_steps": 938, "loss": 8.393542289733887, "elapsed_time": 11.32454514503479, "prnt": false}
{"event": "training_step", "timestamp": 1774533743.4553912, "step": 217, "max_steps": 938, "loss": 8.401947021484375, "elapsed_time": 11.37125849723816, "prnt": false}
{"event": "training_step", "timestamp": 1774533743.502047, "step": 218, "max_steps": 938, "loss": 8.396450996398926, "elapsed_time": 11.4179208278656, "prnt": false}
{"event": "training_step", "timestamp": 1774533743.5488474, "step": 219, "max_steps": 938, "loss": 8.389952659606934, "elapsed_time": 11.46471881866455, "prnt": false}
{"event": "training_step", "timestamp": 1774533743.5956326, "step": 220, "max_steps": 938, "loss": 8.403642654418945, "elapsed_time": 11.511483430862427, "prnt": false}
{"event": "validation_step", "timestamp": 1774533743.8258808, "step": 220, "max_steps": 938, "loss": 1.7986599785606883, "elapsed_time": 11.511483430862427}
{"event": "training_step", "timestamp": 1774533743.872711, "step": 221, "max_steps": 938, "loss": 8.405765533447266, "elapsed_time": 11.788889646530151, "prnt": false}
{"event": "training_step", "timestamp": 1774533743.919468, "step": 222, "max_steps": 938, "loss": 8.346269607543945, "elapsed_time": 11.835468530654907, "prnt": false}
{"event": "training_step", "timestamp": 1774533743.966154, "step": 223, "max_steps": 938, "loss": 8.360008239746094, "elapsed_time": 11.882059097290039, "prnt": false}
{"event": "training_step", "timestamp": 1774533744.012896, "step": 224, "max_steps": 938, "loss": 8.426591873168945, "elapsed_time": 11.928804874420166, "prnt": false}
{"event": "training_step", "timestamp": 1774533744.0596313, "step": 225, "max_steps": 938, "loss": 8.365801811218262, "elapsed_time": 11.97548508644104, "prnt": false}
{"event": "training_step", "timestamp": 1774533744.106338, "step": 226, "max_steps": 938, "loss": 8.342025756835938, "elapsed_time": 12.022161960601807, "prnt": false}
{"event": "training_step", "timestamp": 1774533744.1530204, "step": 227, "max_steps": 938, "loss": 8.34250259399414, "elapsed_time": 12.068835258483887, "prnt": false}
{"event": "training_step", "timestamp": 1774533744.19976, "step": 228, "max_steps": 938, "loss": 8.381087303161621, "elapsed_time": 12.115583181381226, "prnt": false}
{"event": "training_step", "timestamp": 1774533744.2464614, "step": 229, "max_steps": 938, "loss": 8.352352142333984, "elapsed_time": 12.162264585494995, "prnt": false}
{"event": "training_step", "timestamp": 1774533744.2931426, "step": 230, "max_steps": 938, "loss": 8.396242141723633, "elapsed_time": 12.209031105041504, "prnt": false}
{"event": "training_step", "timestamp": 1774533744.3399284, "step": 231, "max_steps": 938, "loss": 8.398902893066406, "elapsed_time": 12.25571322441101, "prnt": false}
{"event": "training_step", "timestamp": 1774533744.3866363, "step": 232, "max_steps": 938, "loss": 8.363409042358398, "elapsed_time": 12.30247688293457, "prnt": false}
{"event": "training_step", "timestamp": 1774533744.4333289, "step": 233, "max_steps": 938, "loss": 8.396405220031738, "elapsed_time": 12.349159002304077, "prnt": false}
{"event": "training_step", "timestamp": 1774533744.480364, "step": 234, "max_steps": 938, "loss": 8.35797119140625, "elapsed_time": 12.396955966949463, "prnt": false}
{"event": "training_step", "timestamp": 1774533744.5270746, "step": 235, "max_steps": 938, "loss": 8.344745635986328, "elapsed_time": 12.443157196044922, "prnt": false}
{"event": "training_step", "timestamp": 1774533744.573786, "step": 236, "max_steps": 938, "loss": 8.346713066101074, "elapsed_time": 12.489649534225464, "prnt": false}
{"event": "training_step", "timestamp": 1774533744.6205852, "step": 237, "max_steps": 938, "loss": 8.392867088317871, "elapsed_time": 12.536459684371948, "prnt": false}
{"event": "training_step", "timestamp": 1774533744.6673243, "step": 238, "max_steps": 938, "loss": 8.347271919250488, "elapsed_time": 12.58310580253601, "prnt": false}
{"event": "training_step", "timestamp": 1774533744.7140808, "step": 239, "max_steps": 938, "loss": 8.354635238647461, "elapsed_time": 12.629886627197266, "prnt": false}
{"event": "training_step", "timestamp": 1774533744.7608511, "step": 240, "max_steps": 938, "loss": 8.34042739868164, "elapsed_time": 12.676818370819092, "prnt": false}
{"event": "training_step", "timestamp": 1774533744.8075602, "step": 241, "max_steps": 938, "loss": 8.363556861877441, "elapsed_time": 12.72343111038208, "prnt": false}
{"event": "training_step", "timestamp": 1774533744.8542893, "step": 242, "max_steps": 938, "loss": 8.349631309509277, "elapsed_time": 12.770059585571289, "prnt": false}
{"event": "training_step", "timestamp": 1774533744.90102, "step": 243, "max_steps": 938, "loss": 8.335679054260254, "elapsed_time": 12.81690263748169, "prnt": false}
{"event": "training_step", "timestamp": 1774533744.9477284, "step": 244, "max_steps": 938, "loss": 8.380887985229492, "elapsed_time": 12.86360478401184, "prnt": false}
{"event": "training_step", "timestamp": 1774533744.9944944, "step": 245, "max_steps": 938, "loss": 8.342177391052246, "elapsed_time": 12.91019868850708, "prnt": false}
{"event": "training_step", "timestamp": 1774533745.041248, "step": 246, "max_steps": 938, "loss": 8.327410697937012, "elapsed_time": 12.957052230834961, "prnt": false}
{"event": "training_step", "timestamp": 1774533745.0879488, "step": 247, "max_steps": 938, "loss": 8.327239990234375, "elapsed_time": 13.003812313079834, "prnt": false}
{"event": "training_step", "timestamp": 1774533745.134677, "step": 248, "max_steps": 938, "loss": 8.35816478729248, "elapsed_time": 13.050523042678833, "prnt": false}
{"event": "training_step", "timestamp": 1774533745.1814768, "step": 249, "max_steps": 938, "loss": 8.368797302246094, "elapsed_time": 13.097293615341187, "prnt": false}
{"event": "training_step", "timestamp": 1774533745.22823, "step": 250, "max_steps": 938, "loss": 8.295531272888184, "elapsed_time": 13.144080638885498, "prnt": false}
{"event": "training_step", "timestamp": 1774533745.2749178, "step": 251, "max_steps": 938, "loss": 8.364442825317383, "elapsed_time": 13.190784931182861, "prnt": false}
{"event": "training_step", "timestamp": 1774533745.321741, "step": 252, "max_steps": 938, "loss": 8.351848602294922, "elapsed_time": 13.237566947937012, "prnt": false}
{"event": "training_step", "timestamp": 1774533745.3684788, "step": 253, "max_steps": 938, "loss": 8.33222484588623, "elapsed_time": 13.284284114837646, "prnt": false}
{"event": "training_step", "timestamp": 1774533745.4151573, "step": 254, "max_steps": 938, "loss": 8.346205711364746, "elapsed_time": 13.331038475036621, "prnt": false}
{"event": "training_step", "timestamp": 1774533745.4619613, "step": 255, "max_steps": 938, "loss": 8.309886932373047, "elapsed_time": 13.377778053283691, "prnt": false}
{"event": "training_step", "timestamp": 1774533745.5086908, "step": 256, "max_steps": 938, "loss": 8.361328125, "elapsed_time": 13.424498796463013, "prnt": false}
{"event": "training_step", "timestamp": 1774533745.5554152, "step": 257, "max_steps": 938, "loss": 8.300580024719238, "elapsed_time": 13.471266984939575, "prnt": false}
{"event": "training_step", "timestamp": 1774533745.602224, "step": 258, "max_steps": 938, "loss": 8.333307266235352, "elapsed_time": 13.5182044506073, "prnt": false}
{"event": "training_step", "timestamp": 1774533745.648939, "step": 259, "max_steps": 938, "loss": 8.308591842651367, "elapsed_time": 13.56480360031128, "prnt": false}
{"event": "training_step", "timestamp": 1774533745.6956656, "step": 260, "max_steps": 938, "loss": 8.341309547424316, "elapsed_time": 13.61145305633545, "prnt": false}
{"event": "training_step", "timestamp": 1774533745.7424538, "step": 261, "max_steps": 938, "loss": 8.345995903015137, "elapsed_time": 13.658297300338745, "prnt": false}
{"event": "training_step", "timestamp": 1774533745.7891228, "step": 262, "max_steps": 938, "loss": 8.311854362487793, "elapsed_time": 13.705000400543213, "prnt": false}
{"event": "training_step", "timestamp": 1774533745.8358955, "step": 263, "max_steps": 938, "loss": 8.355422973632812, "elapsed_time": 13.751677751541138, "prnt": false}
{"event": "training_step", "timestamp": 1774533745.8826363, "step": 264, "max_steps": 938, "loss": 8.345064163208008, "elapsed_time": 13.798475742340088, "prnt": false}
{"event": "validation_step", "timestamp": 1774533746.1131287, "step": 264, "max_steps": 938, "loss": 1.7881330403278424, "elapsed_time": 13.798475742340088}
{"event": "training_step", "timestamp": 1774533746.1604655, "step": 265, "max_steps": 938, "loss": 8.312414169311523, "elapsed_time": 14.080509662628174, "prnt": false}
{"event": "training_step", "timestamp": 1774533746.2078252, "step": 266, "max_steps": 938, "loss": 8.328269958496094, "elapsed_time": 14.126572847366333, "prnt": false}
{"event": "training_step", "timestamp": 1774533746.254957, "step": 267, "max_steps": 938, "loss": 8.328577995300293, "elapsed_time": 14.17322301864624, "prnt": false}
{"event": "training_step", "timestamp": 1774533746.3025851, "step": 268, "max_steps": 938, "loss": 8.342023849487305, "elapsed_time": 14.223013162612915, "prnt": false}
{"event": "training_step", "timestamp": 1774533746.3497896, "step": 269, "max_steps": 938, "loss": 8.328804969787598, "elapsed_time": 14.266955852508545, "prnt": false}
{"event": "training_step", "timestamp": 1774533746.3965554, "step": 270, "max_steps": 938, "loss": 8.336967468261719, "elapsed_time": 14.312795162200928, "prnt": false}
{"event": "training_step", "timestamp": 1774533746.4432795, "step": 271, "max_steps": 938, "loss": 8.318692207336426, "elapsed_time": 14.35950517654419, "prnt": false}
{"event": "training_step", "timestamp": 1774533746.4900963, "step": 272, "max_steps": 938, "loss": 8.3487548828125, "elapsed_time": 14.406272888183594, "prnt": false}
{"event": "training_step", "timestamp": 1774533746.537006, "step": 273, "max_steps": 938, "loss": 8.332891464233398, "elapsed_time": 14.454050302505493, "prnt": false}
{"event": "training_step", "timestamp": 1774533746.5840306, "step": 274, "max_steps": 938, "loss": 8.331816673278809, "elapsed_time": 14.501616477966309, "prnt": false}
{"event": "training_step", "timestamp": 1774533746.6311462, "step": 275, "max_steps": 938, "loss": 8.304842948913574, "elapsed_time": 14.54842758178711, "prnt": false}
{"event": "training_step", "timestamp": 1774533746.678071, "step": 276, "max_steps": 938, "loss": 8.315805435180664, "elapsed_time": 14.595177173614502, "prnt": false}
{"event": "training_step", "timestamp": 1774533746.7247965, "step": 277, "max_steps": 938, "loss": 8.333237648010254, "elapsed_time": 14.641561031341553, "prnt": false}
{"event": "training_step", "timestamp": 1774533746.7719278, "step": 278, "max_steps": 938, "loss": 8.343544006347656, "elapsed_time": 14.689133644104004, "prnt": false}
{"event": "training_step", "timestamp": 1774533746.819217, "step": 279, "max_steps": 938, "loss": 8.277040481567383, "elapsed_time": 14.738997220993042, "prnt": false}
{"event": "training_step", "timestamp": 1774533746.8662238, "step": 280, "max_steps": 938, "loss": 8.305418968200684, "elapsed_time": 14.783190965652466, "prnt": false}
{"event": "training_step", "timestamp": 1774533746.913015, "step": 281, "max_steps": 938, "loss": 8.291454315185547, "elapsed_time": 14.829243421554565, "prnt": false}
{"event": "training_step", "timestamp": 1774533746.9597447, "step": 282, "max_steps": 938, "loss": 8.334334373474121, "elapsed_time": 14.875847101211548, "prnt": false}
{"event": "training_step", "timestamp": 1774533747.0065496, "step": 283, "max_steps": 938, "loss": 8.336923599243164, "elapsed_time": 14.924219131469727, "prnt": false}
{"event": "training_step", "timestamp": 1774533747.0539768, "step": 284, "max_steps": 938, "loss": 8.298372268676758, "elapsed_time": 14.974408149719238, "prnt": false}
{"event": "training_step", "timestamp": 1774533747.101589, "step": 285, "max_steps": 938, "loss": 8.319018363952637, "elapsed_time": 15.022371053695679, "prnt": false}
{"event": "training_step", "timestamp": 1774533747.1486654, "step": 286, "max_steps": 938, "loss": 8.324812889099121, "elapsed_time": 15.06607985496521, "prnt": false}
{"event": "training_step", "timestamp": 1774533747.1954885, "step": 287, "max_steps": 938, "loss": 8.321783065795898, "elapsed_time": 15.11174201965332, "prnt": false}
{"event": "training_step", "timestamp": 1774533747.242541, "step": 288, "max_steps": 938, "loss": 8.34084415435791, "elapsed_time": 15.16059136390686, "prnt": false}
{"event": "training_step", "timestamp": 1774533747.2895813, "step": 289, "max_steps": 938, "loss": 8.305139541625977, "elapsed_time": 15.206777095794678, "prnt": false}
{"event": "training_step", "timestamp": 1774533747.3366966, "step": 290, "max_steps": 938, "loss": 8.306303977966309, "elapsed_time": 15.253770351409912, "prnt": false}
{"event": "training_step", "timestamp": 1774533747.383706, "step": 291, "max_steps": 938, "loss": 8.29388427734375, "elapsed_time": 15.30078935623169, "prnt": false}
{"event": "training_step", "timestamp": 1774533747.4308057, "step": 292, "max_steps": 938, "loss": 8.296911239624023, "elapsed_time": 15.348114252090454, "prnt": false}
{"event": "training_step", "timestamp": 1774533747.477908, "step": 293, "max_steps": 938, "loss": 8.266121864318848, "elapsed_time": 15.394800424575806, "prnt": false}
{"event": "training_step", "timestamp": 1774533747.524615, "step": 294, "max_steps": 938, "loss": 8.272533416748047, "elapsed_time": 15.440698146820068, "prnt": false}
{"event": "training_step", "timestamp": 1774533747.5713603, "step": 295, "max_steps": 938, "loss": 8.285067558288574, "elapsed_time": 15.48720908164978, "prnt": false}
{"event": "training_step", "timestamp": 1774533747.618149, "step": 296, "max_steps": 938, "loss": 8.302896499633789, "elapsed_time": 15.534031867980957, "prnt": false}
{"event": "training_step", "timestamp": 1774533747.6648428, "step": 297, "max_steps": 938, "loss": 8.274932861328125, "elapsed_time": 15.580673217773438, "prnt": false}
{"event": "training_step", "timestamp": 1774533747.711541, "step": 298, "max_steps": 938, "loss": 8.297378540039062, "elapsed_time": 15.6273672580719, "prnt": false}
{"event": "training_step", "timestamp": 1774533747.7583053, "step": 299, "max_steps": 938, "loss": 8.281205177307129, "elapsed_time": 15.674137592315674, "prnt": false}
{"event": "training_step", "timestamp": 1774533747.805016, "step": 300, "max_steps": 938, "loss": 8.32075309753418, "elapsed_time": 15.720854043960571, "prnt": false}
{"event": "training_step", "timestamp": 1774533747.8517103, "step": 301, "max_steps": 938, "loss": 8.297575950622559, "elapsed_time": 15.767520904541016, "prnt": false}
{"event": "training_step", "timestamp": 1774533747.8984728, "step": 302, "max_steps": 938, "loss": 8.26623821258545, "elapsed_time": 15.814273834228516, "prnt": false}
{"event": "training_step", "timestamp": 1774533747.9451904, "step": 303, "max_steps": 938, "loss": 8.268560409545898, "elapsed_time": 15.860949277877808, "prnt": false}
{"event": "training_step", "timestamp": 1774533747.9918885, "step": 304, "max_steps": 938, "loss": 8.290064811706543, "elapsed_time": 15.907679796218872, "prnt": false}
{"event": "training_step", "timestamp": 1774533748.0386121, "step": 305, "max_steps": 938, "loss": 8.279839515686035, "elapsed_time": 15.954449653625488, "prnt": false}
{"event": "training_step", "timestamp": 1774533748.085279, "step": 306, "max_steps": 938, "loss": 8.288301467895508, "elapsed_time": 16.001075267791748, "prnt": false}
{"event": "training_step", "timestamp": 1774533748.131938, "step": 307, "max_steps": 938, "loss": 8.30696964263916, "elapsed_time": 16.04779601097107, "prnt": false}
{"event": "training_step", "timestamp": 1774533748.178779, "step": 308, "max_steps": 938, "loss": 8.268521308898926, "elapsed_time": 16.094529390335083, "prnt": false}
{"event": "validation_step", "timestamp": 1774533748.4087691, "step": 308, "max_steps": 938, "loss": 1.7803483413594043, "elapsed_time": 16.094529390335083}
{"event": "training_step", "timestamp": 1774533748.4555295, "step": 309, "max_steps": 938, "loss": 8.352057456970215, "elapsed_time": 16.371383666992188, "prnt": false}
{"event": "training_step", "timestamp": 1774533748.5022252, "step": 310, "max_steps": 938, "loss": 8.267355918884277, "elapsed_time": 16.418018341064453, "prnt": false}
{"event": "training_step", "timestamp": 1774533748.5489283, "step": 311, "max_steps": 938, "loss": 8.274274826049805, "elapsed_time": 16.464795351028442, "prnt": false}
{"event": "training_step", "timestamp": 1774533748.5955942, "step": 312, "max_steps": 938, "loss": 8.216105461120605, "elapsed_time": 16.5114426612854, "prnt": false}
{"event": "training_step", "timestamp": 1774533748.6422403, "step": 313, "max_steps": 938, "loss": 8.30033016204834, "elapsed_time": 16.55804681777954, "prnt": false}
{"event": "training_step", "timestamp": 1774533748.6889675, "step": 314, "max_steps": 938, "loss": 8.242215156555176, "elapsed_time": 16.604793071746826, "prnt": false}
{"event": "training_step", "timestamp": 1774533748.7356217, "step": 315, "max_steps": 938, "loss": 8.261157035827637, "elapsed_time": 16.65150547027588, "prnt": false}
{"event": "training_step", "timestamp": 1774533748.782278, "step": 316, "max_steps": 938, "loss": 8.317599296569824, "elapsed_time": 16.698095083236694, "prnt": false}
{"event": "training_step", "timestamp": 1774533748.8290305, "step": 317, "max_steps": 938, "loss": 8.25317096710205, "elapsed_time": 16.7448410987854, "prnt": false}
{"event": "training_step", "timestamp": 1774533748.8757408, "step": 318, "max_steps": 938, "loss": 8.30636978149414, "elapsed_time": 16.791544675827026, "prnt": false}
{"event": "training_step", "timestamp": 1774533748.9224298, "step": 319, "max_steps": 938, "loss": 8.301352500915527, "elapsed_time": 16.838199615478516, "prnt": false}
{"event": "training_step", "timestamp": 1774533748.9691842, "step": 320, "max_steps": 938, "loss": 8.304975509643555, "elapsed_time": 16.88495635986328, "prnt": false}
{"event": "training_step", "timestamp": 1774533749.0158095, "step": 321, "max_steps": 938, "loss": 8.27880859375, "elapsed_time": 16.931663274765015, "prnt": false}
{"event": "training_step", "timestamp": 1774533749.062498, "step": 322, "max_steps": 938, "loss": 8.2810697555542, "elapsed_time": 16.978298902511597, "prnt": false}
{"event": "training_step", "timestamp": 1774533749.1092653, "step": 323, "max_steps": 938, "loss": 8.268617630004883, "elapsed_time": 17.025060176849365, "prnt": false}
{"event": "training_step", "timestamp": 1774533749.1559868, "step": 324, "max_steps": 938, "loss": 8.251830101013184, "elapsed_time": 17.071886777877808, "prnt": false}
{"event": "training_step", "timestamp": 1774533749.202675, "step": 325, "max_steps": 938, "loss": 8.290716171264648, "elapsed_time": 17.118513584136963, "prnt": false}
{"event": "training_step", "timestamp": 1774533749.2494478, "step": 326, "max_steps": 938, "loss": 8.25070571899414, "elapsed_time": 17.165233850479126, "prnt": false}
{"event": "training_step", "timestamp": 1774533749.2961464, "step": 327, "max_steps": 938, "loss": 8.288246154785156, "elapsed_time": 17.211928844451904, "prnt": false}
{"event": "training_step", "timestamp": 1774533749.3428278, "step": 328, "max_steps": 938, "loss": 8.3069486618042, "elapsed_time": 17.25864267349243, "prnt": false}
{"event": "training_step", "timestamp": 1774533749.3896303, "step": 329, "max_steps": 938, "loss": 8.295978546142578, "elapsed_time": 17.305374145507812, "prnt": false}
{"event": "training_step", "timestamp": 1774533749.4363034, "step": 330, "max_steps": 938, "loss": 8.328008651733398, "elapsed_time": 17.35208487510681, "prnt": false}
{"event": "training_step", "timestamp": 1774533749.482985, "step": 331, "max_steps": 938, "loss": 8.321592330932617, "elapsed_time": 17.39878273010254, "prnt": false}
{"event": "training_step", "timestamp": 1774533749.5298054, "step": 332, "max_steps": 938, "loss": 8.248512268066406, "elapsed_time": 17.44552516937256, "prnt": false}
{"event": "training_step", "timestamp": 1774533749.5768244, "step": 333, "max_steps": 938, "loss": 8.323341369628906, "elapsed_time": 17.493876695632935, "prnt": false}
{"event": "training_step", "timestamp": 1774533749.6237261, "step": 334, "max_steps": 938, "loss": 8.250792503356934, "elapsed_time": 17.540387630462646, "prnt": false}
{"event": "training_step", "timestamp": 1774533749.6705446, "step": 335, "max_steps": 938, "loss": 8.248006820678711, "elapsed_time": 17.58719301223755, "prnt": false}
{"event": "training_step", "timestamp": 1774533749.7173088, "step": 336, "max_steps": 938, "loss": 8.274267196655273, "elapsed_time": 17.634001970291138, "prnt": false}
{"event": "training_step", "timestamp": 1774533749.7643986, "step": 337, "max_steps": 938, "loss": 8.256736755371094, "elapsed_time": 17.681532382965088, "prnt": false}
{"event": "training_step", "timestamp": 1774533749.8115218, "step": 338, "max_steps": 938, "loss": 8.265131950378418, "elapsed_time": 17.728516817092896, "prnt": false}
{"event": "training_step", "timestamp": 1774533749.858468, "step": 339, "max_steps": 938, "loss": 8.25931167602539, "elapsed_time": 17.775333166122437, "prnt": false}
{"event": "training_step", "timestamp": 1774533749.905446, "step": 340, "max_steps": 938, "loss": 8.284713745117188, "elapsed_time": 17.822218656539917, "prnt": false}
{"event": "training_step", "timestamp": 1774533749.9525576, "step": 341, "max_steps": 938, "loss": 8.239654541015625, "elapsed_time": 17.869545698165894, "prnt": false}
{"event": "training_step", "timestamp": 1774533749.9995825, "step": 342, "max_steps": 938, "loss": 8.288329124450684, "elapsed_time": 17.91662621498108, "prnt": false}
{"event": "training_step", "timestamp": 1774533750.0470355, "step": 343, "max_steps": 938, "loss": 8.295053482055664, "elapsed_time": 17.968674182891846, "prnt": false}
{"event": "training_step", "timestamp": 1774533750.0941849, "step": 344, "max_steps": 938, "loss": 8.255571365356445, "elapsed_time": 18.011303186416626, "prnt": false}
{"event": "training_step", "timestamp": 1774533750.1409202, "step": 345, "max_steps": 938, "loss": 8.251992225646973, "elapsed_time": 18.057207584381104, "prnt": false}
{"event": "training_step", "timestamp": 1774533750.187849, "step": 346, "max_steps": 938, "loss": 8.244620323181152, "elapsed_time": 18.105021953582764, "prnt": false}
{"event": "training_step", "timestamp": 1774533750.2349284, "step": 347, "max_steps": 938, "loss": 8.252946853637695, "elapsed_time": 18.15201497077942, "prnt": false}
{"event": "training_step", "timestamp": 1774533750.2819982, "step": 348, "max_steps": 938, "loss": 8.247320175170898, "elapsed_time": 18.19911813735962, "prnt": false}
{"event": "training_step", "timestamp": 1774533750.3289993, "step": 349, "max_steps": 938, "loss": 8.252039909362793, "elapsed_time": 18.24605131149292, "prnt": false}
{"event": "training_step", "timestamp": 1774533750.3761587, "step": 350, "max_steps": 938, "loss": 8.263688087463379, "elapsed_time": 18.29313087463379, "prnt": false}
{"event": "training_step", "timestamp": 1774533750.4236004, "step": 351, "max_steps": 938, "loss": 8.276512145996094, "elapsed_time": 18.340715169906616, "prnt": false}
{"event": "training_step", "timestamp": 1774533750.4711335, "step": 352, "max_steps": 938, "loss": 8.270156860351562, "elapsed_time": 18.392976999282837, "prnt": false}
{"event": "validation_step", "timestamp": 1774533750.701593, "step": 352, "max_steps": 938, "loss": 1.7742838348807386, "elapsed_time": 18.392976999282837}
{"event": "training_step", "timestamp": 1774533750.7485118, "step": 353, "max_steps": 938, "loss": 8.263720512390137, "elapsed_time": 18.665147066116333, "prnt": false}
{"event": "training_step", "timestamp": 1774533750.7955277, "step": 354, "max_steps": 938, "loss": 8.282549858093262, "elapsed_time": 18.713281869888306, "prnt": false}
{"event": "training_step", "timestamp": 1774533750.8425274, "step": 355, "max_steps": 938, "loss": 8.283413887023926, "elapsed_time": 18.759504079818726, "prnt": false}
{"event": "training_step", "timestamp": 1774533750.8894374, "step": 356, "max_steps": 938, "loss": 8.223087310791016, "elapsed_time": 18.805904150009155, "prnt": false}
{"event": "training_step", "timestamp": 1774533750.9363027, "step": 357, "max_steps": 938, "loss": 8.237513542175293, "elapsed_time": 18.852728366851807, "prnt": false}
{"event": "training_step", "timestamp": 1774533750.9832747, "step": 358, "max_steps": 938, "loss": 8.310501098632812, "elapsed_time": 18.899901628494263, "prnt": false}
{"event": "training_step", "timestamp": 1774533751.0301578, "step": 359, "max_steps": 938, "loss": 8.24657917022705, "elapsed_time": 18.946080446243286, "prnt": false}
{"event": "training_step", "timestamp": 1774533751.076898, "step": 360, "max_steps": 938, "loss": 8.2257661819458, "elapsed_time": 18.992847681045532, "prnt": false}
{"event": "training_step", "timestamp": 1774533751.1236095, "step": 361, "max_steps": 938, "loss": 8.224294662475586, "elapsed_time": 19.039447784423828, "prnt": false}
{"event": "training_step", "timestamp": 1774533751.1703815, "step": 362, "max_steps": 938, "loss": 8.26615047454834, "elapsed_time": 19.086215257644653, "prnt": false}
{"event": "training_step", "timestamp": 1774533751.2171178, "step": 363, "max_steps": 938, "loss": 8.237253189086914, "elapsed_time": 19.132885932922363, "prnt": false}
{"event": "training_step", "timestamp": 1774533751.2638323, "step": 364, "max_steps": 938, "loss": 8.287013053894043, "elapsed_time": 19.179616451263428, "prnt": false}
{"event": "training_step", "timestamp": 1774533751.310596, "step": 365, "max_steps": 938, "loss": 8.288843154907227, "elapsed_time": 19.226452589035034, "prnt": false}
{"event": "training_step", "timestamp": 1774533751.3572936, "step": 366, "max_steps": 938, "loss": 8.249674797058105, "elapsed_time": 19.273111820220947, "prnt": false}
{"event": "training_step", "timestamp": 1774533751.4041116, "step": 367, "max_steps": 938, "loss": 8.287337303161621, "elapsed_time": 19.31981897354126, "prnt": false}
{"event": "training_step", "timestamp": 1774533751.4509528, "step": 368, "max_steps": 938, "loss": 8.248518943786621, "elapsed_time": 19.366729974746704, "prnt": false}
{"event": "training_step", "timestamp": 1774533751.497691, "step": 369, "max_steps": 938, "loss": 8.233817100524902, "elapsed_time": 19.41346526145935, "prnt": false}
{"event": "training_step", "timestamp": 1774533751.5444682, "step": 370, "max_steps": 938, "loss": 8.232638359069824, "elapsed_time": 19.46017861366272, "prnt": false}
{"event": "training_step", "timestamp": 1774533751.591308, "step": 371, "max_steps": 938, "loss": 8.289405822753906, "elapsed_time": 19.507046222686768, "prnt": false}
{"event": "training_step", "timestamp": 1774533751.6380305, "step": 372, "max_steps": 938, "loss": 8.237521171569824, "elapsed_time": 19.553834438323975, "prnt": false}
{"event": "training_step", "timestamp": 1774533751.6847777, "step": 373, "max_steps": 938, "loss": 8.247217178344727, "elapsed_time": 19.600561380386353, "prnt": false}
{"event": "training_step", "timestamp": 1774533751.7315037, "step": 374, "max_steps": 938, "loss": 8.233077049255371, "elapsed_time": 19.647382974624634, "prnt": false}
{"event": "training_step", "timestamp": 1774533751.7783024, "step": 375, "max_steps": 938, "loss": 8.258440971374512, "elapsed_time": 19.694040298461914, "prnt": false}
{"event": "training_step", "timestamp": 1774533751.8250508, "step": 376, "max_steps": 938, "loss": 8.238581657409668, "elapsed_time": 19.7407705783844, "prnt": false}
{"event": "training_step", "timestamp": 1774533751.8721807, "step": 377, "max_steps": 938, "loss": 8.235383033752441, "elapsed_time": 19.790030241012573, "prnt": false}
{"event": "training_step", "timestamp": 1774533751.9192028, "step": 378, "max_steps": 938, "loss": 8.280048370361328, "elapsed_time": 19.837194204330444, "prnt": false}
{"event": "training_step", "timestamp": 1774533751.9662642, "step": 379, "max_steps": 938, "loss": 8.239219665527344, "elapsed_time": 19.88370990753174, "prnt": false}
{"event": "training_step", "timestamp": 1774533752.013466, "step": 380, "max_steps": 938, "loss": 8.225676536560059, "elapsed_time": 19.931559562683105, "prnt": false}
{"event": "training_step", "timestamp": 1774533752.0604274, "step": 381, "max_steps": 938, "loss": 8.216816902160645, "elapsed_time": 19.978621244430542, "prnt": false}
{"event": "training_step", "timestamp": 1774533752.1074488, "step": 382, "max_steps": 938, "loss": 8.259800910949707, "elapsed_time": 20.024695873260498, "prnt": false}
{"event": "training_step", "timestamp": 1774533752.1547282, "step": 383, "max_steps": 938, "loss": 8.26496696472168, "elapsed_time": 20.072723388671875, "prnt": false}
{"event": "training_step", "timestamp": 1774533752.2018573, "step": 384, "max_steps": 938, "loss": 8.186545372009277, "elapsed_time": 20.119765281677246, "prnt": false}
{"event": "training_step", "timestamp": 1774533752.2489672, "step": 385, "max_steps": 938, "loss": 8.263286590576172, "elapsed_time": 20.16676902770996, "prnt": false}
{"event": "training_step", "timestamp": 1774533752.2961879, "step": 386, "max_steps": 938, "loss": 8.254465103149414, "elapsed_time": 20.213741540908813, "prnt": false}
{"event": "training_step", "timestamp": 1774533752.3432376, "step": 387, "max_steps": 938, "loss": 8.23306655883789, "elapsed_time": 20.261114597320557, "prnt": false}
{"event": "training_step", "timestamp": 1774533752.390031, "step": 388, "max_steps": 938, "loss": 8.24959945678711, "elapsed_time": 20.30649757385254, "prnt": false}
{"event": "training_step", "timestamp": 1774533752.4368877, "step": 389, "max_steps": 938, "loss": 8.212037086486816, "elapsed_time": 20.35317373275757, "prnt": false}
{"event": "training_step", "timestamp": 1774533752.4836133, "step": 390, "max_steps": 938, "loss": 8.26510238647461, "elapsed_time": 20.39984893798828, "prnt": false}
{"event": "training_step", "timestamp": 1774533752.5304, "step": 391, "max_steps": 938, "loss": 8.204353332519531, "elapsed_time": 20.44640350341797, "prnt": false}
{"event": "training_step", "timestamp": 1774533752.5772057, "step": 392, "max_steps": 938, "loss": 8.244977951049805, "elapsed_time": 20.493258953094482, "prnt": false}
{"event": "training_step", "timestamp": 1774533752.623898, "step": 393, "max_steps": 938, "loss": 8.214815139770508, "elapsed_time": 20.54033327102661, "prnt": false}
{"event": "training_step", "timestamp": 1774533752.6706805, "step": 394, "max_steps": 938, "loss": 8.244152069091797, "elapsed_time": 20.58716058731079, "prnt": false}
{"event": "training_step", "timestamp": 1774533752.7174797, "step": 395, "max_steps": 938, "loss": 8.250964164733887, "elapsed_time": 20.63387632369995, "prnt": false}
{"event": "training_step", "timestamp": 1774533752.764239, "step": 396, "max_steps": 938, "loss": 8.22573471069336, "elapsed_time": 20.680450916290283, "prnt": false}
{"event": "validation_step", "timestamp": 1774533752.9945033, "step": 396, "max_steps": 938, "loss": 1.7695846402845326, "elapsed_time": 20.680450916290283}
{"event": "training_step", "timestamp": 1774533753.041416, "step": 397, "max_steps": 938, "loss": 8.26731014251709, "elapsed_time": 20.957462549209595, "prnt": false}
{"event": "training_step", "timestamp": 1774533753.088217, "step": 398, "max_steps": 938, "loss": 8.254867553710938, "elapsed_time": 21.003994464874268, "prnt": false}
{"event": "training_step", "timestamp": 1774533753.1349866, "step": 399, "max_steps": 938, "loss": 8.217036247253418, "elapsed_time": 21.0509672164917, "prnt": false}
{"event": "training_step", "timestamp": 1774533753.1817122, "step": 400, "max_steps": 938, "loss": 8.236329078674316, "elapsed_time": 21.097474336624146, "prnt": false}
{"event": "training_step", "timestamp": 1774533753.2285337, "step": 401, "max_steps": 938, "loss": 8.238141059875488, "elapsed_time": 21.14427161216736, "prnt": false}
{"event": "training_step", "timestamp": 1774533753.27534, "step": 402, "max_steps": 938, "loss": 8.256718635559082, "elapsed_time": 21.19113254547119, "prnt": false}
{"event": "training_step", "timestamp": 1774533753.322252, "step": 403, "max_steps": 938, "loss": 8.242079734802246, "elapsed_time": 21.238027811050415, "prnt": false}
{"event": "training_step", "timestamp": 1774533753.3690326, "step": 404, "max_steps": 938, "loss": 8.245803833007812, "elapsed_time": 21.284754514694214, "prnt": false}
{"event": "training_step", "timestamp": 1774533753.4157507, "step": 405, "max_steps": 938, "loss": 8.225286483764648, "elapsed_time": 21.33157253265381, "prnt": false}
{"event": "training_step", "timestamp": 1774533753.462593, "step": 406, "max_steps": 938, "loss": 8.26043701171875, "elapsed_time": 21.378411531448364, "prnt": false}
{"event": "training_step", "timestamp": 1774533753.5093865, "step": 407, "max_steps": 938, "loss": 8.247684478759766, "elapsed_time": 21.425125122070312, "prnt": false}
{"event": "training_step", "timestamp": 1774533753.5561829, "step": 408, "max_steps": 938, "loss": 8.243579864501953, "elapsed_time": 21.471882343292236, "prnt": false}
{"event": "training_step", "timestamp": 1774533753.6029837, "step": 409, "max_steps": 938, "loss": 8.218811988830566, "elapsed_time": 21.518814086914062, "prnt": false}
{"event": "training_step", "timestamp": 1774533753.6496923, "step": 410, "max_steps": 938, "loss": 8.230088233947754, "elapsed_time": 21.56543755531311, "prnt": false}
{"event": "training_step", "timestamp": 1774533753.6964288, "step": 411, "max_steps": 938, "loss": 8.248639106750488, "elapsed_time": 21.612197160720825, "prnt": false}
{"event": "training_step", "timestamp": 1774533753.7432976, "step": 412, "max_steps": 938, "loss": 8.261828422546387, "elapsed_time": 21.659050703048706, "prnt": false}
{"event": "training_step", "timestamp": 1774533753.7900383, "step": 413, "max_steps": 938, "loss": 8.190824508666992, "elapsed_time": 21.705780744552612, "prnt": false}
{"event": "training_step", "timestamp": 1774533753.836832, "step": 414, "max_steps": 938, "loss": 8.216935157775879, "elapsed_time": 21.75255012512207, "prnt": false}
{"event": "training_step", "timestamp": 1774533753.8836389, "step": 415, "max_steps": 938, "loss": 8.207178115844727, "elapsed_time": 21.799482345581055, "prnt": false}
{"event": "training_step", "timestamp": 1774533753.9304304, "step": 416, "max_steps": 938, "loss": 8.247967720031738, "elapsed_time": 21.846141576766968, "prnt": false}
{"event": "training_step", "timestamp": 1774533753.9771855, "step": 417, "max_steps": 938, "loss": 8.251470565795898, "elapsed_time": 21.89296531677246, "prnt": false}
{"event": "training_step", "timestamp": 1774533754.024026, "step": 418, "max_steps": 938, "loss": 8.221835136413574, "elapsed_time": 21.93977975845337, "prnt": false}
{"event": "training_step", "timestamp": 1774533754.0708005, "step": 419, "max_steps": 938, "loss": 8.23495864868164, "elapsed_time": 21.986572265625, "prnt": false}
{"event": "training_step", "timestamp": 1774533754.1175857, "step": 420, "max_steps": 938, "loss": 8.243416786193848, "elapsed_time": 22.03330135345459, "prnt": false}
{"event": "training_step", "timestamp": 1774533754.1643534, "step": 421, "max_steps": 938, "loss": 8.245062828063965, "elapsed_time": 22.080141067504883, "prnt": false}
{"event": "training_step", "timestamp": 1774533754.2111557, "step": 422, "max_steps": 938, "loss": 8.261756896972656, "elapsed_time": 22.126885652542114, "prnt": false}
{"event": "training_step", "timestamp": 1774533754.2578673, "step": 423, "max_steps": 938, "loss": 8.228137016296387, "elapsed_time": 22.17361879348755, "prnt": false}
{"event": "training_step", "timestamp": 1774533754.3046997, "step": 424, "max_steps": 938, "loss": 8.22290325164795, "elapsed_time": 22.22042179107666, "prnt": false}
{"event": "training_step", "timestamp": 1774533754.3514996, "step": 425, "max_steps": 938, "loss": 8.213310241699219, "elapsed_time": 22.267212629318237, "prnt": false}
{"event": "training_step", "timestamp": 1774533754.39826, "step": 426, "max_steps": 938, "loss": 8.211758613586426, "elapsed_time": 22.313998460769653, "prnt": false}
{"event": "training_step", "timestamp": 1774533754.445088, "step": 427, "max_steps": 938, "loss": 8.185898780822754, "elapsed_time": 22.36087656021118, "prnt": false}
{"event": "training_step", "timestamp": 1774533754.4918642, "step": 428, "max_steps": 938, "loss": 8.19650936126709, "elapsed_time": 22.407665729522705, "prnt": false}
{"event": "training_step", "timestamp": 1774533754.5386753, "step": 429, "max_steps": 938, "loss": 8.20939826965332, "elapsed_time": 22.454355478286743, "prnt": false}
{"event": "training_step", "timestamp": 1774533754.5854828, "step": 430, "max_steps": 938, "loss": 8.226091384887695, "elapsed_time": 22.501296758651733, "prnt": false}
{"event": "training_step", "timestamp": 1774533754.6322536, "step": 431, "max_steps": 938, "loss": 8.203217506408691, "elapsed_time": 22.54797601699829, "prnt": false}
{"event": "training_step", "timestamp": 1774533754.6790843, "step": 432, "max_steps": 938, "loss": 8.22339916229248, "elapsed_time": 22.59491729736328, "prnt": false}
{"event": "training_step", "timestamp": 1774533754.72587, "step": 433, "max_steps": 938, "loss": 8.207507133483887, "elapsed_time": 22.641703605651855, "prnt": false}
{"event": "training_step", "timestamp": 1774533754.7726102, "step": 434, "max_steps": 938, "loss": 8.247218132019043, "elapsed_time": 22.68842840194702, "prnt": false}
{"event": "training_step", "timestamp": 1774533754.8193414, "step": 435, "max_steps": 938, "loss": 8.223580360412598, "elapsed_time": 22.73515748977661, "prnt": false}
{"event": "training_step", "timestamp": 1774533754.8661604, "step": 436, "max_steps": 938, "loss": 8.191766738891602, "elapsed_time": 22.78193187713623, "prnt": false}
{"event": "training_step", "timestamp": 1774533754.9129431, "step": 437, "max_steps": 938, "loss": 8.19153881072998, "elapsed_time": 22.82870650291443, "prnt": false}
{"event": "training_step", "timestamp": 1774533754.9597764, "step": 438, "max_steps": 938, "loss": 8.214963912963867, "elapsed_time": 22.875423431396484, "prnt": false}
{"event": "training_step", "timestamp": 1774533755.006546, "step": 439, "max_steps": 938, "loss": 8.204005241394043, "elapsed_time": 22.922399759292603, "prnt": false}
{"event": "training_step", "timestamp": 1774533755.0533373, "step": 440, "max_steps": 938, "loss": 8.220352172851562, "elapsed_time": 22.969090938568115, "prnt": false}
{"event": "validation_step", "timestamp": 1774533755.2838397, "step": 440, "max_steps": 938, "loss": 1.765786269419123, "elapsed_time": 22.969090938568115}
{"event": "training_step", "timestamp": 1774533755.330761, "step": 441, "max_steps": 938, "loss": 8.238188743591309, "elapsed_time": 23.247093677520752, "prnt": false}
{"event": "training_step", "timestamp": 1774533755.3776407, "step": 442, "max_steps": 938, "loss": 8.193341255187988, "elapsed_time": 23.293580055236816, "prnt": false}
{"event": "training_step", "timestamp": 1774533755.4243891, "step": 443, "max_steps": 938, "loss": 8.28275203704834, "elapsed_time": 23.34017276763916, "prnt": false}
{"event": "training_step", "timestamp": 1774533755.4712234, "step": 444, "max_steps": 938, "loss": 8.194409370422363, "elapsed_time": 23.386892318725586, "prnt": false}
{"event": "training_step", "timestamp": 1774533755.5180376, "step": 445, "max_steps": 938, "loss": 8.199479103088379, "elapsed_time": 23.43382239341736, "prnt": false}
{"event": "training_step", "timestamp": 1774533755.564777, "step": 446, "max_steps": 938, "loss": 8.1422758102417, "elapsed_time": 23.480543851852417, "prnt": false}
{"event": "training_step", "timestamp": 1774533755.6115706, "step": 447, "max_steps": 938, "loss": 8.229079246520996, "elapsed_time": 23.527381420135498, "prnt": false}
{"event": "training_step", "timestamp": 1774533755.6584256, "step": 448, "max_steps": 938, "loss": 8.172067642211914, "elapsed_time": 23.57414937019348, "prnt": false}
{"event": "training_step", "timestamp": 1774533755.7051635, "step": 449, "max_steps": 938, "loss": 8.19489860534668, "elapsed_time": 23.621036529541016, "prnt": false}
{"event": "training_step", "timestamp": 1774533755.7520158, "step": 450, "max_steps": 938, "loss": 8.248083114624023, "elapsed_time": 23.66776728630066, "prnt": false}
{"event": "training_step", "timestamp": 1774533755.7988112, "step": 451, "max_steps": 938, "loss": 8.184786796569824, "elapsed_time": 23.71463394165039, "prnt": false}
{"event": "training_step", "timestamp": 1774533755.8455887, "step": 452, "max_steps": 938, "loss": 8.240620613098145, "elapsed_time": 23.76126790046692, "prnt": false}
{"event": "training_step", "timestamp": 1774533755.892356, "step": 453, "max_steps": 938, "loss": 8.235857009887695, "elapsed_time": 23.808093547821045, "prnt": false}
{"event": "training_step", "timestamp": 1774533755.9392085, "step": 454, "max_steps": 938, "loss": 8.235980987548828, "elapsed_time": 23.854928970336914, "prnt": false}
{"event": "training_step", "timestamp": 1774533755.9859512, "step": 455, "max_steps": 938, "loss": 8.212528228759766, "elapsed_time": 23.901755332946777, "prnt": false}
{"event": "training_step", "timestamp": 1774533756.0327425, "step": 456, "max_steps": 938, "loss": 8.216856956481934, "elapsed_time": 23.948429107666016, "prnt": false}
{"event": "training_step", "timestamp": 1774533756.0796504, "step": 457, "max_steps": 938, "loss": 8.204024314880371, "elapsed_time": 23.995718002319336, "prnt": false}
{"event": "training_step", "timestamp": 1774533756.1263826, "step": 458, "max_steps": 938, "loss": 8.188450813293457, "elapsed_time": 24.04213309288025, "prnt": false}
{"event": "training_step", "timestamp": 1774533756.1731367, "step": 459, "max_steps": 938, "loss": 8.222328186035156, "elapsed_time": 24.089053630828857, "prnt": false}
{"event": "training_step", "timestamp": 1774533756.2199962, "step": 460, "max_steps": 938, "loss": 8.18319320678711, "elapsed_time": 24.135764598846436, "prnt": false}
{"event": "training_step", "timestamp": 1774533756.2667382, "step": 461, "max_steps": 938, "loss": 8.220640182495117, "elapsed_time": 24.182538986206055, "prnt": false}
{"event": "training_step", "timestamp": 1774533756.3134875, "step": 462, "max_steps": 938, "loss": 8.243034362792969, "elapsed_time": 24.229228496551514, "prnt": false}
{"event": "training_step", "timestamp": 1774533756.3603246, "step": 463, "max_steps": 938, "loss": 8.231898307800293, "elapsed_time": 24.27606511116028, "prnt": false}
{"event": "training_step", "timestamp": 1774533756.4071798, "step": 464, "max_steps": 938, "loss": 8.268815994262695, "elapsed_time": 24.322813510894775, "prnt": false}
{"event": "training_step", "timestamp": 1774533756.4541914, "step": 465, "max_steps": 938, "loss": 8.261476516723633, "elapsed_time": 24.370651721954346, "prnt": false}
{"event": "training_step", "timestamp": 1774533756.500996, "step": 466, "max_steps": 938, "loss": 8.185386657714844, "elapsed_time": 24.41693139076233, "prnt": false}
{"event": "training_step", "timestamp": 1774533756.5478325, "step": 467, "max_steps": 938, "loss": 8.26214599609375, "elapsed_time": 24.463682413101196, "prnt": false}
{"event": "training_step", "timestamp": 1774533756.5945804, "step": 468, "max_steps": 938, "loss": 8.187320709228516, "elapsed_time": 24.510388135910034, "prnt": false}
{"event": "training_step", "timestamp": 1774533756.6413784, "step": 469, "max_steps": 938, "loss": 8.182720184326172, "elapsed_time": 24.557199478149414, "prnt": false}
{"event": "training_step", "timestamp": 1774533756.6881874, "step": 470, "max_steps": 938, "loss": 8.212047576904297, "elapsed_time": 24.603912830352783, "prnt": false}
{"event": "training_step", "timestamp": 1774533756.7349875, "step": 471, "max_steps": 938, "loss": 8.19837760925293, "elapsed_time": 24.651621103286743, "prnt": false}
{"event": "training_step", "timestamp": 1774533756.7818415, "step": 472, "max_steps": 938, "loss": 8.203057289123535, "elapsed_time": 24.697991371154785, "prnt": false}
{"event": "training_step", "timestamp": 1774533756.8285642, "step": 473, "max_steps": 938, "loss": 8.19344711303711, "elapsed_time": 24.744362115859985, "prnt": false}
{"event": "training_step", "timestamp": 1774533756.8753226, "step": 474, "max_steps": 938, "loss": 8.226770401000977, "elapsed_time": 24.791078567504883, "prnt": false}
{"event": "training_step", "timestamp": 1774533756.9221323, "step": 475, "max_steps": 938, "loss": 8.175600051879883, "elapsed_time": 24.837937593460083, "prnt": false}
{"event": "training_step", "timestamp": 1774533756.968865, "step": 476, "max_steps": 938, "loss": 8.227230072021484, "elapsed_time": 24.8846378326416, "prnt": false}
{"event": "training_step", "timestamp": 1774533757.0156434, "step": 477, "max_steps": 938, "loss": 8.23466968536377, "elapsed_time": 24.9314706325531, "prnt": false}
{"event": "training_step", "timestamp": 1774533757.0625706, "step": 478, "max_steps": 938, "loss": 8.197585105895996, "elapsed_time": 24.978437423706055, "prnt": false}
{"event": "training_step", "timestamp": 1774533757.1093123, "step": 479, "max_steps": 938, "loss": 8.191905975341797, "elapsed_time": 25.025062561035156, "prnt": false}
{"event": "training_step", "timestamp": 1774533757.1560862, "step": 480, "max_steps": 938, "loss": 8.19036865234375, "elapsed_time": 25.07184648513794, "prnt": false}
{"event": "training_step", "timestamp": 1774533757.2029297, "step": 481, "max_steps": 938, "loss": 8.195320129394531, "elapsed_time": 25.11887550354004, "prnt": false}
{"event": "training_step", "timestamp": 1774533757.2496812, "step": 482, "max_steps": 938, "loss": 8.188262939453125, "elapsed_time": 25.165513277053833, "prnt": false}
{"event": "training_step", "timestamp": 1774533757.296452, "step": 483, "max_steps": 938, "loss": 8.1925630569458, "elapsed_time": 25.212198495864868, "prnt": false}
{"event": "training_step", "timestamp": 1774533757.3432503, "step": 484, "max_steps": 938, "loss": 8.204569816589355, "elapsed_time": 25.259000301361084, "prnt": false}
{"event": "validation_step", "timestamp": 1774533757.5737407, "step": 484, "max_steps": 938, "loss": 1.7626641901386666, "elapsed_time": 25.259000301361084}
{"event": "training_step", "timestamp": 1774533757.6206117, "step": 485, "max_steps": 938, "loss": 8.218301773071289, "elapsed_time": 25.536632537841797, "prnt": false}
{"event": "training_step", "timestamp": 1774533757.6674128, "step": 486, "max_steps": 938, "loss": 8.209466934204102, "elapsed_time": 25.583277940750122, "prnt": false}
{"event": "training_step", "timestamp": 1774533757.714314, "step": 487, "max_steps": 938, "loss": 8.20488452911377, "elapsed_time": 25.63028311729431, "prnt": false}
{"event": "training_step", "timestamp": 1774533757.7610834, "step": 488, "max_steps": 938, "loss": 8.222765922546387, "elapsed_time": 25.67690110206604, "prnt": false}
{"event": "training_step", "timestamp": 1774533757.8078394, "step": 489, "max_steps": 938, "loss": 8.22720718383789, "elapsed_time": 25.723684549331665, "prnt": false}
{"event": "training_step", "timestamp": 1774533757.854672, "step": 490, "max_steps": 938, "loss": 8.162715911865234, "elapsed_time": 25.77048683166504, "prnt": false}
{"event": "training_step", "timestamp": 1774533757.9014175, "step": 491, "max_steps": 938, "loss": 8.18107795715332, "elapsed_time": 25.817182779312134, "prnt": false}
{"event": "training_step", "timestamp": 1774533757.9482543, "step": 492, "max_steps": 938, "loss": 8.256288528442383, "elapsed_time": 25.86394691467285, "prnt": false}
{"event": "training_step", "timestamp": 1774533757.995139, "step": 493, "max_steps": 938, "loss": 8.19030475616455, "elapsed_time": 25.910860776901245, "prnt": false}
{"event": "training_step", "timestamp": 1774533758.0419083, "step": 494, "max_steps": 938, "loss": 8.170186996459961, "elapsed_time": 25.9576575756073, "prnt": false}
{"event": "training_step", "timestamp": 1774533758.0887198, "step": 495, "max_steps": 938, "loss": 8.170060157775879, "elapsed_time": 26.004433155059814, "prnt": false}
{"event": "training_step", "timestamp": 1774533758.1356225, "step": 496, "max_steps": 938, "loss": 8.209368705749512, "elapsed_time": 26.051502466201782, "prnt": false}
{"event": "training_step", "timestamp": 1774533758.1824322, "step": 497, "max_steps": 938, "loss": 8.183155059814453, "elapsed_time": 26.098387002944946, "prnt": false}
{"event": "training_step", "timestamp": 1774533758.229231, "step": 498, "max_steps": 938, "loss": 8.235376358032227, "elapsed_time": 26.144989252090454, "prnt": false}
{"event": "training_step", "timestamp": 1774533758.2760727, "step": 499, "max_steps": 938, "loss": 8.237071990966797, "elapsed_time": 26.191842794418335, "prnt": false}
{"event": "training_step", "timestamp": 1774533758.3230104, "step": 500, "max_steps": 938, "loss": 8.190814971923828, "elapsed_time": 26.23934769630432, "prnt": false}
{"event": "training_step", "timestamp": 1774533758.3697987, "step": 501, "max_steps": 938, "loss": 8.236936569213867, "elapsed_time": 26.28553557395935, "prnt": false}
{"event": "training_step", "timestamp": 1774533758.4166934, "step": 502, "max_steps": 938, "loss": 8.199451446533203, "elapsed_time": 26.332447052001953, "prnt": false}
{"event": "training_step", "timestamp": 1774533758.4634316, "step": 503, "max_steps": 938, "loss": 8.180627822875977, "elapsed_time": 26.379191875457764, "prnt": false}
{"event": "training_step", "timestamp": 1774533758.5102725, "step": 504, "max_steps": 938, "loss": 8.179559707641602, "elapsed_time": 26.425952672958374, "prnt": false}
{"event": "training_step", "timestamp": 1774533758.5571427, "step": 505, "max_steps": 938, "loss": 8.23694896697998, "elapsed_time": 26.472849130630493, "prnt": false}
{"event": "training_step", "timestamp": 1774533758.6039095, "step": 506, "max_steps": 938, "loss": 8.182944297790527, "elapsed_time": 26.519640684127808, "prnt": false}
{"event": "training_step", "timestamp": 1774533758.6506336, "step": 507, "max_steps": 938, "loss": 8.197407722473145, "elapsed_time": 26.56642746925354, "prnt": false}
{"event": "training_step", "timestamp": 1774533758.6974807, "step": 508, "max_steps": 938, "loss": 8.185723304748535, "elapsed_time": 26.613380432128906, "prnt": false}
{"event": "training_step", "timestamp": 1774533758.7444234, "step": 509, "max_steps": 938, "loss": 8.207797050476074, "elapsed_time": 26.66057014465332, "prnt": false}
{"event": "training_step", "timestamp": 1774533758.7914512, "step": 510, "max_steps": 938, "loss": 8.18550968170166, "elapsed_time": 26.707823753356934, "prnt": false}
{"event": "training_step", "timestamp": 1774533758.838364, "step": 511, "max_steps": 938, "loss": 8.184988021850586, "elapsed_time": 26.754242181777954, "prnt": false}
{"event": "training_step", "timestamp": 1774533758.8851485, "step": 512, "max_steps": 938, "loss": 8.230300903320312, "elapsed_time": 26.800895929336548, "prnt": false}
{"event": "training_step", "timestamp": 1774533758.9319315, "step": 513, "max_steps": 938, "loss": 8.1922607421875, "elapsed_time": 26.847712516784668, "prnt": false}
{"event": "training_step", "timestamp": 1774533758.9787922, "step": 514, "max_steps": 938, "loss": 8.172465324401855, "elapsed_time": 26.894561052322388, "prnt": false}
{"event": "training_step", "timestamp": 1774533759.025576, "step": 515, "max_steps": 938, "loss": 8.164088249206543, "elapsed_time": 26.94140386581421, "prnt": false}
{"event": "training_step", "timestamp": 1774533759.072314, "step": 516, "max_steps": 938, "loss": 8.212903022766113, "elapsed_time": 26.988161325454712, "prnt": false}
{"event": "training_step", "timestamp": 1774533759.1191354, "step": 517, "max_steps": 938, "loss": 8.21550178527832, "elapsed_time": 27.034931659698486, "prnt": false}
{"event": "training_step", "timestamp": 1774533759.1659698, "step": 518, "max_steps": 938, "loss": 8.137855529785156, "elapsed_time": 27.081817626953125, "prnt": false}
{"event": "training_step", "timestamp": 1774533759.2127705, "step": 519, "max_steps": 938, "loss": 8.213529586791992, "elapsed_time": 27.12853693962097, "prnt": false}
{"event": "training_step", "timestamp": 1774533759.2596397, "step": 520, "max_steps": 938, "loss": 8.203862190246582, "elapsed_time": 27.175383806228638, "prnt": false}
{"event": "training_step", "timestamp": 1774533759.306424, "step": 521, "max_steps": 938, "loss": 8.184712409973145, "elapsed_time": 27.222166061401367, "prnt": false}
{"event": "training_step", "timestamp": 1774533759.3532903, "step": 522, "max_steps": 938, "loss": 8.203058242797852, "elapsed_time": 27.26898503303528, "prnt": false}
{"event": "training_step", "timestamp": 1774533759.4001567, "step": 523, "max_steps": 938, "loss": 8.164678573608398, "elapsed_time": 27.31595778465271, "prnt": false}
{"event": "training_step", "timestamp": 1774533759.4469516, "step": 524, "max_steps": 938, "loss": 8.214396476745605, "elapsed_time": 27.362698793411255, "prnt": false}
{"event": "training_step", "timestamp": 1774533759.4937537, "step": 525, "max_steps": 938, "loss": 8.157373428344727, "elapsed_time": 27.40946912765503, "prnt": false}
{"event": "training_step", "timestamp": 1774533759.5405884, "step": 526, "max_steps": 938, "loss": 8.199512481689453, "elapsed_time": 27.456326246261597, "prnt": false}
{"event": "training_step", "timestamp": 1774533759.5874174, "step": 527, "max_steps": 938, "loss": 8.167937278747559, "elapsed_time": 27.50315833091736, "prnt": false}
{"event": "training_step", "timestamp": 1774533759.6342375, "step": 528, "max_steps": 938, "loss": 8.197672843933105, "elapsed_time": 27.550213098526, "prnt": false}
{"event": "validation_step", "timestamp": 1774533759.8647993, "step": 528, "max_steps": 938, "loss": 1.7601950249687832, "elapsed_time": 27.550213098526}
{"event": "training_step", "timestamp": 1774533759.9117615, "step": 529, "max_steps": 938, "loss": 8.202263832092285, "elapsed_time": 27.82805609703064, "prnt": false}
{"event": "training_step", "timestamp": 1774533759.958515, "step": 530, "max_steps": 938, "loss": 8.177597999572754, "elapsed_time": 27.874349117279053, "prnt": false}
{"event": "training_step", "timestamp": 1774533760.0052814, "step": 531, "max_steps": 938, "loss": 8.221190452575684, "elapsed_time": 27.921053171157837, "prnt": false}
{"event": "training_step", "timestamp": 1774533760.0521812, "step": 532, "max_steps": 938, "loss": 8.211259841918945, "elapsed_time": 27.96788001060486, "prnt": false}
{"event": "training_step", "timestamp": 1774533760.0989568, "step": 533, "max_steps": 938, "loss": 8.17082691192627, "elapsed_time": 28.014857292175293, "prnt": false}
{"event": "training_step", "timestamp": 1774533760.1457603, "step": 534, "max_steps": 938, "loss": 8.190858840942383, "elapsed_time": 28.06194543838501, "prnt": false}
{"event": "training_step", "timestamp": 1774533760.1925852, "step": 535, "max_steps": 938, "loss": 8.191018104553223, "elapsed_time": 28.108556985855103, "prnt": false}
{"event": "training_step", "timestamp": 1774533760.239432, "step": 536, "max_steps": 938, "loss": 8.211146354675293, "elapsed_time": 28.155524969100952, "prnt": false}
{"event": "training_step", "timestamp": 1774533760.2864213, "step": 537, "max_steps": 938, "loss": 8.196272850036621, "elapsed_time": 28.202511310577393, "prnt": false}
{"event": "training_step", "timestamp": 1774533760.3332083, "step": 538, "max_steps": 938, "loss": 8.200018882751465, "elapsed_time": 28.249770879745483, "prnt": false}
{"event": "training_step", "timestamp": 1774533760.3800123, "step": 539, "max_steps": 938, "loss": 8.18046760559082, "elapsed_time": 28.296619176864624, "prnt": false}
{"event": "training_step", "timestamp": 1774533760.4268894, "step": 540, "max_steps": 938, "loss": 8.217580795288086, "elapsed_time": 28.342905521392822, "prnt": false}
{"event": "training_step", "timestamp": 1774533760.4737449, "step": 541, "max_steps": 938, "loss": 8.202375411987305, "elapsed_time": 28.389596939086914, "prnt": false}
{"event": "training_step", "timestamp": 1774533760.5205255, "step": 542, "max_steps": 938, "loss": 8.197907447814941, "elapsed_time": 28.436252117156982, "prnt": false}
{"event": "training_step", "timestamp": 1774533760.5673547, "step": 543, "max_steps": 938, "loss": 8.17505168914795, "elapsed_time": 28.483120441436768, "prnt": false}
{"event": "training_step", "timestamp": 1774533760.6141396, "step": 544, "max_steps": 938, "loss": 8.187158584594727, "elapsed_time": 28.52990746498108, "prnt": false}
{"event": "training_step", "timestamp": 1774533760.6609225, "step": 545, "max_steps": 938, "loss": 8.206284523010254, "elapsed_time": 28.57664465904236, "prnt": false}
{"event": "training_step", "timestamp": 1774533760.7078257, "step": 546, "max_steps": 938, "loss": 8.21795654296875, "elapsed_time": 28.623533010482788, "prnt": false}
{"event": "training_step", "timestamp": 1774533760.7546315, "step": 547, "max_steps": 938, "loss": 8.149463653564453, "elapsed_time": 28.670336484909058, "prnt": false}
{"event": "training_step", "timestamp": 1774533760.8014393, "step": 548, "max_steps": 938, "loss": 8.175926208496094, "elapsed_time": 28.71710753440857, "prnt": false}
{"event": "training_step", "timestamp": 1774533760.8483064, "step": 549, "max_steps": 938, "loss": 8.168675422668457, "elapsed_time": 28.76408338546753, "prnt": false}
{"event": "training_step", "timestamp": 1774533760.8950663, "step": 550, "max_steps": 938, "loss": 8.21068286895752, "elapsed_time": 28.810845136642456, "prnt": false}
{"event": "training_step", "timestamp": 1774533760.941833, "step": 551, "max_steps": 938, "loss": 8.209796905517578, "elapsed_time": 28.85758399963379, "prnt": false}
{"event": "training_step", "timestamp": 1774533760.9886937, "step": 552, "max_steps": 938, "loss": 8.182409286499023, "elapsed_time": 28.904463291168213, "prnt": false}
{"event": "training_step", "timestamp": 1774533761.0354824, "step": 553, "max_steps": 938, "loss": 8.190443992614746, "elapsed_time": 28.951167345046997, "prnt": false}
{"event": "training_step", "timestamp": 1774533761.082328, "step": 554, "max_steps": 938, "loss": 8.202789306640625, "elapsed_time": 28.998023748397827, "prnt": false}
{"event": "training_step", "timestamp": 1774533761.1291792, "step": 555, "max_steps": 938, "loss": 8.207526206970215, "elapsed_time": 29.044986248016357, "prnt": false}
{"event": "training_step", "timestamp": 1774533761.175983, "step": 556, "max_steps": 938, "loss": 8.224973678588867, "elapsed_time": 29.091710329055786, "prnt": false}
{"event": "training_step", "timestamp": 1774533761.2227993, "step": 557, "max_steps": 938, "loss": 8.186266899108887, "elapsed_time": 29.138525247573853, "prnt": false}
{"event": "training_step", "timestamp": 1774533761.2696304, "step": 558, "max_steps": 938, "loss": 8.182962417602539, "elapsed_time": 29.18539547920227, "prnt": false}
{"event": "training_step", "timestamp": 1774533761.316452, "step": 559, "max_steps": 938, "loss": 8.170904159545898, "elapsed_time": 29.232186555862427, "prnt": false}
{"event": "training_step", "timestamp": 1774533761.3632271, "step": 560, "max_steps": 938, "loss": 8.16849136352539, "elapsed_time": 29.278988122940063, "prnt": false}
{"event": "training_step", "timestamp": 1774533761.410069, "step": 561, "max_steps": 938, "loss": 8.14834976196289, "elapsed_time": 29.32581353187561, "prnt": false}
{"event": "training_step", "timestamp": 1774533761.456864, "step": 562, "max_steps": 938, "loss": 8.156087875366211, "elapsed_time": 29.372657537460327, "prnt": false}
{"event": "training_step", "timestamp": 1774533761.50361, "step": 563, "max_steps": 938, "loss": 8.173365592956543, "elapsed_time": 29.41937279701233, "prnt": false}
{"event": "training_step", "timestamp": 1774533761.5504372, "step": 564, "max_steps": 938, "loss": 8.185736656188965, "elapsed_time": 29.46620488166809, "prnt": false}
{"event": "training_step", "timestamp": 1774533761.597224, "step": 565, "max_steps": 938, "loss": 8.162386894226074, "elapsed_time": 29.51308298110962, "prnt": false}
{"event": "training_step", "timestamp": 1774533761.6440415, "step": 566, "max_steps": 938, "loss": 8.187132835388184, "elapsed_time": 29.559736967086792, "prnt": false}
{"event": "training_step", "timestamp": 1774533761.690859, "step": 567, "max_steps": 938, "loss": 8.17275619506836, "elapsed_time": 29.606677293777466, "prnt": false}
{"event": "training_step", "timestamp": 1774533761.7376995, "step": 568, "max_steps": 938, "loss": 8.206683158874512, "elapsed_time": 29.653417348861694, "prnt": false}
{"event": "training_step", "timestamp": 1774533761.7844157, "step": 569, "max_steps": 938, "loss": 8.184032440185547, "elapsed_time": 29.700217723846436, "prnt": false}
{"event": "training_step", "timestamp": 1774533761.8312542, "step": 570, "max_steps": 938, "loss": 8.155238151550293, "elapsed_time": 29.74703049659729, "prnt": false}
{"event": "training_step", "timestamp": 1774533761.8780448, "step": 571, "max_steps": 938, "loss": 8.151166915893555, "elapsed_time": 29.79385781288147, "prnt": false}
{"event": "training_step", "timestamp": 1774533761.9248273, "step": 572, "max_steps": 938, "loss": 8.177957534790039, "elapsed_time": 29.840524673461914, "prnt": false}
{"event": "validation_step", "timestamp": 1774533762.1556633, "step": 572, "max_steps": 938, "loss": 1.7581960165486739, "elapsed_time": 29.840524673461914}
{"event": "training_step", "timestamp": 1774533762.202624, "step": 573, "max_steps": 938, "loss": 8.1697998046875, "elapsed_time": 30.11851191520691, "prnt": false}
{"event": "training_step", "timestamp": 1774533762.2494173, "step": 574, "max_steps": 938, "loss": 8.184517860412598, "elapsed_time": 30.165228605270386, "prnt": false}
{"event": "training_step", "timestamp": 1774533762.296274, "step": 575, "max_steps": 938, "loss": 8.201592445373535, "elapsed_time": 30.2118980884552, "prnt": false}
{"event": "training_step", "timestamp": 1774533762.343104, "step": 576, "max_steps": 938, "loss": 8.153433799743652, "elapsed_time": 30.258849620819092, "prnt": false}
{"event": "training_step", "timestamp": 1774533762.3898854, "step": 577, "max_steps": 938, "loss": 8.249031066894531, "elapsed_time": 30.305675745010376, "prnt": false}
{"event": "training_step", "timestamp": 1774533762.436739, "step": 578, "max_steps": 938, "loss": 8.160188674926758, "elapsed_time": 30.352399826049805, "prnt": false}
{"event": "training_step", "timestamp": 1774533762.4836926, "step": 579, "max_steps": 938, "loss": 8.16140079498291, "elapsed_time": 30.399677991867065, "prnt": false}
{"event": "training_step", "timestamp": 1774533762.530467, "step": 580, "max_steps": 938, "loss": 8.106634140014648, "elapsed_time": 30.446245193481445, "prnt": false}
{"event": "training_step", "timestamp": 1774533762.577274, "step": 581, "max_steps": 938, "loss": 8.194732666015625, "elapsed_time": 30.49298334121704, "prnt": false}
{"event": "training_step", "timestamp": 1774533762.6241877, "step": 582, "max_steps": 938, "loss": 8.134456634521484, "elapsed_time": 30.540096044540405, "prnt": false}
{"event": "training_step", "timestamp": 1774533762.67097, "step": 583, "max_steps": 938, "loss": 8.159684181213379, "elapsed_time": 30.586764574050903, "prnt": false}
{"event": "training_step", "timestamp": 1774533762.7178118, "step": 584, "max_steps": 938, "loss": 8.211145401000977, "elapsed_time": 30.63359236717224, "prnt": false}
{"event": "training_step", "timestamp": 1774533762.764634, "step": 585, "max_steps": 938, "loss": 8.148554801940918, "elapsed_time": 30.680429697036743, "prnt": false}
{"event": "training_step", "timestamp": 1774533762.8114188, "step": 586, "max_steps": 938, "loss": 8.205869674682617, "elapsed_time": 30.72714352607727, "prnt": false}
{"event": "training_step", "timestamp": 1774533762.8583055, "step": 587, "max_steps": 938, "loss": 8.204381942749023, "elapsed_time": 30.774460077285767, "prnt": false}
{"event": "training_step", "timestamp": 1774533762.905742, "step": 588, "max_steps": 938, "loss": 8.199682235717773, "elapsed_time": 30.823721885681152, "prnt": false}
{"event": "training_step", "timestamp": 1774533762.953015, "step": 589, "max_steps": 938, "loss": 8.175687789916992, "elapsed_time": 30.871142864227295, "prnt": false}
{"event": "training_step", "timestamp": 1774533763.0000234, "step": 590, "max_steps": 938, "loss": 8.17939567565918, "elapsed_time": 30.92010736465454, "prnt": false}
{"event": "training_step", "timestamp": 1774533763.0473518, "step": 591, "max_steps": 938, "loss": 8.171990394592285, "elapsed_time": 30.964096069335938, "prnt": false}
{"event": "training_step", "timestamp": 1774533763.0941386, "step": 592, "max_steps": 938, "loss": 8.155424118041992, "elapsed_time": 31.010083198547363, "prnt": false}
{"event": "training_step", "timestamp": 1774533763.140993, "step": 593, "max_steps": 938, "loss": 8.1881103515625, "elapsed_time": 31.057173490524292, "prnt": false}
{"event": "training_step", "timestamp": 1774533763.1881394, "step": 594, "max_steps": 938, "loss": 8.151549339294434, "elapsed_time": 31.1049907207489, "prnt": false}
{"event": "training_step", "timestamp": 1774533763.2352545, "step": 595, "max_steps": 938, "loss": 8.18923568725586, "elapsed_time": 31.152653217315674, "prnt": false}
{"event": "training_step", "timestamp": 1774533763.282319, "step": 596, "max_steps": 938, "loss": 8.210233688354492, "elapsed_time": 31.199681043624878, "prnt": false}
{"event": "training_step", "timestamp": 1774533763.3294568, "step": 597, "max_steps": 938, "loss": 8.201458930969238, "elapsed_time": 31.246098041534424, "prnt": false}
{"event": "training_step", "timestamp": 1774533763.3762462, "step": 598, "max_steps": 938, "loss": 8.235363006591797, "elapsed_time": 31.29226589202881, "prnt": false}
{"event": "training_step", "timestamp": 1774533763.4230971, "step": 599, "max_steps": 938, "loss": 8.227470397949219, "elapsed_time": 31.33879780769348, "prnt": false}
{"event": "training_step", "timestamp": 1774533763.4706864, "step": 600, "max_steps": 938, "loss": 8.149877548217773, "elapsed_time": 31.389274835586548, "prnt": false}
{"event": "training_step", "timestamp": 1774533763.517619, "step": 601, "max_steps": 938, "loss": 8.227766036987305, "elapsed_time": 31.433961391448975, "prnt": false}
{"event": "training_step", "timestamp": 1774533763.5644119, "step": 602, "max_steps": 938, "loss": 8.15612506866455, "elapsed_time": 31.480138778686523, "prnt": false}
{"event": "training_step", "timestamp": 1774533763.6113229, "step": 603, "max_steps": 938, "loss": 8.14936637878418, "elapsed_time": 31.527031660079956, "prnt": false}
{"event": "training_step", "timestamp": 1774533763.6587572, "step": 604, "max_steps": 938, "loss": 8.17608642578125, "elapsed_time": 31.577690839767456, "prnt": false}
{"event": "training_step", "timestamp": 1774533763.7060523, "step": 605, "max_steps": 938, "loss": 8.166557312011719, "elapsed_time": 31.624314069747925, "prnt": false}
{"event": "training_step", "timestamp": 1774533763.753278, "step": 606, "max_steps": 938, "loss": 8.171802520751953, "elapsed_time": 31.669848918914795, "prnt": false}
{"event": "training_step", "timestamp": 1774533763.8003953, "step": 607, "max_steps": 938, "loss": 8.162665367126465, "elapsed_time": 31.71894931793213, "prnt": false}
{"event": "training_step", "timestamp": 1774533763.8475351, "step": 608, "max_steps": 938, "loss": 8.198250770568848, "elapsed_time": 31.76415205001831, "prnt": false}
{"event": "training_step", "timestamp": 1774533763.8946896, "step": 609, "max_steps": 938, "loss": 8.146190643310547, "elapsed_time": 31.811633586883545, "prnt": false}
{"event": "training_step", "timestamp": 1774533763.9417942, "step": 610, "max_steps": 938, "loss": 8.20012378692627, "elapsed_time": 31.859028100967407, "prnt": false}
{"event": "training_step", "timestamp": 1774533763.988819, "step": 611, "max_steps": 938, "loss": 8.20523738861084, "elapsed_time": 31.905782461166382, "prnt": false}
{"event": "training_step", "timestamp": 1774533764.0357723, "step": 612, "max_steps": 938, "loss": 8.164827346801758, "elapsed_time": 31.951602935791016, "prnt": false}
{"event": "training_step", "timestamp": 1774533764.0825498, "step": 613, "max_steps": 938, "loss": 8.162052154541016, "elapsed_time": 31.998287677764893, "prnt": false}
{"event": "training_step", "timestamp": 1774533764.1292791, "step": 614, "max_steps": 938, "loss": 8.158597946166992, "elapsed_time": 32.04502844810486, "prnt": false}
{"event": "training_step", "timestamp": 1774533764.1761472, "step": 615, "max_steps": 938, "loss": 8.163585662841797, "elapsed_time": 32.09187960624695, "prnt": false}
{"event": "training_step", "timestamp": 1774533764.2229042, "step": 616, "max_steps": 938, "loss": 8.15786075592041, "elapsed_time": 32.13860034942627, "prnt": false}
{"event": "validation_step", "timestamp": 1774533764.4532688, "step": 616, "max_steps": 938, "loss": 1.7566423080023847, "elapsed_time": 32.13860034942627}
{"event": "training_step", "timestamp": 1774533764.50017, "step": 617, "max_steps": 938, "loss": 8.161761283874512, "elapsed_time": 32.415887117385864, "prnt": false}
{"event": "training_step", "timestamp": 1774533764.547002, "step": 618, "max_steps": 938, "loss": 8.174688339233398, "elapsed_time": 32.46273684501648, "prnt": false}
{"event": "training_step", "timestamp": 1774533764.5937746, "step": 619, "max_steps": 938, "loss": 8.189960479736328, "elapsed_time": 32.50947690010071, "prnt": false}
{"event": "training_step", "timestamp": 1774533764.6405509, "step": 620, "max_steps": 938, "loss": 8.181976318359375, "elapsed_time": 32.55626201629639, "prnt": false}
{"event": "training_step", "timestamp": 1774533764.6873643, "step": 621, "max_steps": 938, "loss": 8.175353050231934, "elapsed_time": 32.60312509536743, "prnt": false}
{"event": "training_step", "timestamp": 1774533764.7341294, "step": 622, "max_steps": 938, "loss": 8.19503402709961, "elapsed_time": 32.649852991104126, "prnt": false}
{"event": "training_step", "timestamp": 1774533764.7809267, "step": 623, "max_steps": 938, "loss": 8.198524475097656, "elapsed_time": 32.69659113883972, "prnt": false}
{"event": "training_step", "timestamp": 1774533764.8277724, "step": 624, "max_steps": 938, "loss": 8.131665229797363, "elapsed_time": 32.74347186088562, "prnt": false}
{"event": "training_step", "timestamp": 1774533764.8745968, "step": 625, "max_steps": 938, "loss": 8.153401374816895, "elapsed_time": 32.79025101661682, "prnt": false}
{"event": "training_step", "timestamp": 1774533764.921332, "step": 626, "max_steps": 938, "loss": 8.225265502929688, "elapsed_time": 32.83705377578735, "prnt": false}
{"event": "training_step", "timestamp": 1774533764.9681587, "step": 627, "max_steps": 938, "loss": 8.162469863891602, "elapsed_time": 32.88393521308899, "prnt": false}
{"event": "training_step", "timestamp": 1774533765.014976, "step": 628, "max_steps": 938, "loss": 8.144075393676758, "elapsed_time": 32.930644273757935, "prnt": false}
{"event": "training_step", "timestamp": 1774533765.0617547, "step": 629, "max_steps": 938, "loss": 8.143211364746094, "elapsed_time": 32.977458000183105, "prnt": false}
{"event": "training_step", "timestamp": 1774533765.1085765, "step": 630, "max_steps": 938, "loss": 8.182619094848633, "elapsed_time": 33.02434539794922, "prnt": false}
{"event": "training_step", "timestamp": 1774533765.155392, "step": 631, "max_steps": 938, "loss": 8.155845642089844, "elapsed_time": 33.071056842803955, "prnt": false}
{"event": "training_step", "timestamp": 1774533765.2022047, "step": 632, "max_steps": 938, "loss": 8.209542274475098, "elapsed_time": 33.11783957481384, "prnt": false}
{"event": "training_step", "timestamp": 1774533765.2490215, "step": 633, "max_steps": 938, "loss": 8.210748672485352, "elapsed_time": 33.164729833602905, "prnt": false}
{"event": "training_step", "timestamp": 1774533765.2958794, "step": 634, "max_steps": 938, "loss": 8.16246509552002, "elapsed_time": 33.21146059036255, "prnt": false}
{"event": "training_step", "timestamp": 1774533765.3426595, "step": 635, "max_steps": 938, "loss": 8.207223892211914, "elapsed_time": 33.25836634635925, "prnt": false}
{"event": "training_step", "timestamp": 1774533765.3895402, "step": 636, "max_steps": 938, "loss": 8.172053337097168, "elapsed_time": 33.30518078804016, "prnt": false}
{"event": "training_step", "timestamp": 1774533765.4363513, "step": 637, "max_steps": 938, "loss": 8.156320571899414, "elapsed_time": 33.352046966552734, "prnt": false}
{"event": "training_step", "timestamp": 1774533765.483147, "step": 638, "max_steps": 938, "loss": 8.153379440307617, "elapsed_time": 33.39881086349487, "prnt": false}
{"event": "training_step", "timestamp": 1774533765.5299804, "step": 639, "max_steps": 938, "loss": 8.212057113647461, "elapsed_time": 33.44571137428284, "prnt": false}
{"event": "training_step", "timestamp": 1774533765.576741, "step": 640, "max_steps": 938, "loss": 8.157715797424316, "elapsed_time": 33.492491722106934, "prnt": false}
{"event": "training_step", "timestamp": 1774533765.623502, "step": 641, "max_steps": 938, "loss": 8.170845031738281, "elapsed_time": 33.53919792175293, "prnt": false}
{"event": "training_step", "timestamp": 1774533765.6703522, "step": 642, "max_steps": 938, "loss": 8.158941268920898, "elapsed_time": 33.58607602119446, "prnt": false}
{"event": "training_step", "timestamp": 1774533765.7171423, "step": 643, "max_steps": 938, "loss": 8.182076454162598, "elapsed_time": 33.63284349441528, "prnt": false}
{"event": "training_step", "timestamp": 1774533765.7641885, "step": 644, "max_steps": 938, "loss": 8.156847953796387, "elapsed_time": 33.68075156211853, "prnt": false}
{"event": "training_step", "timestamp": 1774533765.811311, "step": 645, "max_steps": 938, "loss": 8.162182807922363, "elapsed_time": 33.72782921791077, "prnt": false}
{"event": "training_step", "timestamp": 1774533765.8582065, "step": 646, "max_steps": 938, "loss": 8.20736026763916, "elapsed_time": 33.77417588233948, "prnt": false}
{"event": "training_step", "timestamp": 1774533765.9050248, "step": 647, "max_steps": 938, "loss": 8.167806625366211, "elapsed_time": 33.821101665496826, "prnt": false}
{"event": "training_step", "timestamp": 1774533765.9522443, "step": 648, "max_steps": 938, "loss": 8.146133422851562, "elapsed_time": 33.86897945404053, "prnt": false}
{"event": "training_step", "timestamp": 1774533765.9992979, "step": 649, "max_steps": 938, "loss": 8.136439323425293, "elapsed_time": 33.91612458229065, "prnt": false}
{"event": "training_step", "timestamp": 1774533766.046516, "step": 650, "max_steps": 938, "loss": 8.18716049194336, "elapsed_time": 33.96313977241516, "prnt": false}
{"event": "training_step", "timestamp": 1774533766.0937078, "step": 651, "max_steps": 938, "loss": 8.190573692321777, "elapsed_time": 34.010502099990845, "prnt": false}
{"event": "training_step", "timestamp": 1774533766.1407912, "step": 652, "max_steps": 938, "loss": 8.112631797790527, "elapsed_time": 34.057570695877075, "prnt": false}
{"event": "training_step", "timestamp": 1774533766.187857, "step": 653, "max_steps": 938, "loss": 8.188599586486816, "elapsed_time": 34.104548931121826, "prnt": false}
{"event": "training_step", "timestamp": 1774533766.23513, "step": 654, "max_steps": 938, "loss": 8.182937622070312, "elapsed_time": 34.15183424949646, "prnt": false}
{"event": "training_step", "timestamp": 1774533766.2824156, "step": 655, "max_steps": 938, "loss": 8.160868644714355, "elapsed_time": 34.20046544075012, "prnt": false}
{"event": "training_step", "timestamp": 1774533766.329548, "step": 656, "max_steps": 938, "loss": 8.177796363830566, "elapsed_time": 34.24616098403931, "prnt": false}
{"event": "training_step", "timestamp": 1774533766.3767622, "step": 657, "max_steps": 938, "loss": 8.142354965209961, "elapsed_time": 34.29348421096802, "prnt": false}
{"event": "training_step", "timestamp": 1774533766.423834, "step": 658, "max_steps": 938, "loss": 8.19133186340332, "elapsed_time": 34.341020584106445, "prnt": false}
{"event": "training_step", "timestamp": 1774533766.4709117, "step": 659, "max_steps": 938, "loss": 8.13475513458252, "elapsed_time": 34.388033866882324, "prnt": false}
{"event": "training_step", "timestamp": 1774533766.5182023, "step": 660, "max_steps": 938, "loss": 8.179712295532227, "elapsed_time": 34.43536734580994, "prnt": false}
{"event": "validation_step", "timestamp": 1774533766.753311, "step": 660, "max_steps": 938, "loss": 1.7554624339806062, "elapsed_time": 34.43536734580994}
{"event": "training_step", "timestamp": 1774533766.8017735, "step": 661, "max_steps": 938, "loss": 8.14605712890625, "elapsed_time": 34.72378849983215, "prnt": false}
{"event": "training_step", "timestamp": 1774533766.848891, "step": 662, "max_steps": 938, "loss": 8.173892974853516, "elapsed_time": 34.76584720611572, "prnt": false}
{"event": "training_step", "timestamp": 1774533766.8959131, "step": 663, "max_steps": 938, "loss": 8.180824279785156, "elapsed_time": 34.81231355667114, "prnt": false}
{"event": "training_step", "timestamp": 1774533766.9428017, "step": 664, "max_steps": 938, "loss": 8.154579162597656, "elapsed_time": 34.8589870929718, "prnt": false}
{"event": "training_step", "timestamp": 1774533766.989807, "step": 665, "max_steps": 938, "loss": 8.201215744018555, "elapsed_time": 34.90629482269287, "prnt": false}
{"event": "training_step", "timestamp": 1774533767.036755, "step": 666, "max_steps": 938, "loss": 8.190204620361328, "elapsed_time": 34.95292782783508, "prnt": false}
{"event": "training_step", "timestamp": 1774533767.0836809, "step": 667, "max_steps": 938, "loss": 8.147012710571289, "elapsed_time": 34.99978423118591, "prnt": false}
{"event": "training_step", "timestamp": 1774533767.1307456, "step": 668, "max_steps": 938, "loss": 8.167024612426758, "elapsed_time": 35.04731822013855, "prnt": false}
{"event": "training_step", "timestamp": 1774533767.1777277, "step": 669, "max_steps": 938, "loss": 8.16943645477295, "elapsed_time": 35.09383273124695, "prnt": false}
{"event": "training_step", "timestamp": 1774533767.224723, "step": 670, "max_steps": 938, "loss": 8.191469192504883, "elapsed_time": 35.14100503921509, "prnt": false}
{"event": "training_step", "timestamp": 1774533767.2718456, "step": 671, "max_steps": 938, "loss": 8.17497444152832, "elapsed_time": 35.187981605529785, "prnt": false}
{"event": "training_step", "timestamp": 1774533767.3188925, "step": 672, "max_steps": 938, "loss": 8.177633285522461, "elapsed_time": 35.23533082008362, "prnt": false}
{"event": "training_step", "timestamp": 1774533767.3657274, "step": 673, "max_steps": 938, "loss": 8.157976150512695, "elapsed_time": 35.281474113464355, "prnt": false}
{"event": "training_step", "timestamp": 1774533767.412659, "step": 674, "max_steps": 938, "loss": 8.19509220123291, "elapsed_time": 35.328469038009644, "prnt": false}
{"event": "training_step", "timestamp": 1774533767.459521, "step": 675, "max_steps": 938, "loss": 8.18085765838623, "elapsed_time": 35.37524223327637, "prnt": false}
{"event": "training_step", "timestamp": 1774533767.506319, "step": 676, "max_steps": 938, "loss": 8.174707412719727, "elapsed_time": 35.4221453666687, "prnt": false}
{"event": "training_step", "timestamp": 1774533767.5532663, "step": 677, "max_steps": 938, "loss": 8.153629302978516, "elapsed_time": 35.46892213821411, "prnt": false}
{"event": "training_step", "timestamp": 1774533767.6000824, "step": 678, "max_steps": 938, "loss": 8.167559623718262, "elapsed_time": 35.51585006713867, "prnt": false}
{"event": "training_step", "timestamp": 1774533767.6468875, "step": 679, "max_steps": 938, "loss": 8.185919761657715, "elapsed_time": 35.562647581100464, "prnt": false}
{"event": "training_step", "timestamp": 1774533767.693806, "step": 680, "max_steps": 938, "loss": 8.19610595703125, "elapsed_time": 35.60953712463379, "prnt": false}
{"event": "training_step", "timestamp": 1774533767.7406263, "step": 681, "max_steps": 938, "loss": 8.129980087280273, "elapsed_time": 35.65634250640869, "prnt": false}
{"event": "training_step", "timestamp": 1774533767.787446, "step": 682, "max_steps": 938, "loss": 8.154026985168457, "elapsed_time": 35.70310020446777, "prnt": false}
{"event": "training_step", "timestamp": 1774533767.8344102, "step": 683, "max_steps": 938, "loss": 8.148396492004395, "elapsed_time": 35.75004816055298, "prnt": false}
{"event": "training_step", "timestamp": 1774533767.8812413, "step": 684, "max_steps": 938, "loss": 8.18648624420166, "elapsed_time": 35.79692792892456, "prnt": false}
{"event": "training_step", "timestamp": 1774533767.9280705, "step": 685, "max_steps": 938, "loss": 8.188924789428711, "elapsed_time": 35.84377932548523, "prnt": false}
{"event": "training_step", "timestamp": 1774533767.9749532, "step": 686, "max_steps": 938, "loss": 8.161709785461426, "elapsed_time": 35.89068388938904, "prnt": false}
{"event": "training_step", "timestamp": 1774533768.0217714, "step": 687, "max_steps": 938, "loss": 8.172348022460938, "elapsed_time": 35.93746280670166, "prnt": false}
{"event": "training_step", "timestamp": 1774533768.0685968, "step": 688, "max_steps": 938, "loss": 8.1808500289917, "elapsed_time": 35.984288454055786, "prnt": false}
{"event": "training_step", "timestamp": 1774533768.1154873, "step": 689, "max_steps": 938, "loss": 8.187559127807617, "elapsed_time": 36.03116989135742, "prnt": false}
{"event": "training_step", "timestamp": 1774533768.162328, "step": 690, "max_steps": 938, "loss": 8.20320987701416, "elapsed_time": 36.078070878982544, "prnt": false}
{"event": "training_step", "timestamp": 1774533768.2091775, "step": 691, "max_steps": 938, "loss": 8.163954734802246, "elapsed_time": 36.12478852272034, "prnt": false}
{"event": "training_step", "timestamp": 1774533768.256083, "step": 692, "max_steps": 938, "loss": 8.161903381347656, "elapsed_time": 36.171757221221924, "prnt": false}
{"event": "training_step", "timestamp": 1774533768.3029284, "step": 693, "max_steps": 938, "loss": 8.15341854095459, "elapsed_time": 36.21862268447876, "prnt": false}
{"event": "training_step", "timestamp": 1774533768.3497393, "step": 694, "max_steps": 938, "loss": 8.147759437561035, "elapsed_time": 36.26541090011597, "prnt": false}
{"event": "training_step", "timestamp": 1774533768.3965747, "step": 695, "max_steps": 938, "loss": 8.131509780883789, "elapsed_time": 36.312333822250366, "prnt": false}
{"event": "training_step", "timestamp": 1774533768.4433591, "step": 696, "max_steps": 938, "loss": 8.139467239379883, "elapsed_time": 36.35907793045044, "prnt": false}
{"event": "training_step", "timestamp": 1774533768.4901593, "step": 697, "max_steps": 938, "loss": 8.153677940368652, "elapsed_time": 36.405831813812256, "prnt": false}
{"event": "training_step", "timestamp": 1774533768.5370798, "step": 698, "max_steps": 938, "loss": 8.165284156799316, "elapsed_time": 36.45273804664612, "prnt": false}
{"event": "training_step", "timestamp": 1774533768.5838542, "step": 699, "max_steps": 938, "loss": 8.142234802246094, "elapsed_time": 36.499576568603516, "prnt": false}
{"event": "training_step", "timestamp": 1774533768.6306586, "step": 700, "max_steps": 938, "loss": 8.169981002807617, "elapsed_time": 36.546358823776245, "prnt": false}
{"event": "training_step", "timestamp": 1774533768.6775432, "step": 701, "max_steps": 938, "loss": 8.15307903289795, "elapsed_time": 36.5932240486145, "prnt": false}
{"event": "training_step", "timestamp": 1774533768.7243438, "step": 702, "max_steps": 938, "loss": 8.186434745788574, "elapsed_time": 36.64004588127136, "prnt": false}
{"event": "training_step", "timestamp": 1774533768.7712235, "step": 703, "max_steps": 938, "loss": 8.167869567871094, "elapsed_time": 36.686822175979614, "prnt": false}
{"event": "training_step", "timestamp": 1774533768.8181381, "step": 704, "max_steps": 938, "loss": 8.136641502380371, "elapsed_time": 36.733827114105225, "prnt": false}
{"event": "validation_step", "timestamp": 1774533769.049051, "step": 704, "max_steps": 938, "loss": 1.7545744561426864, "elapsed_time": 36.733827114105225}
{"event": "training_step", "timestamp": 1774533769.0960846, "step": 705, "max_steps": 938, "loss": 8.132909774780273, "elapsed_time": 37.012293100357056, "prnt": false}
{"event": "training_step", "timestamp": 1774533769.1429775, "step": 706, "max_steps": 938, "loss": 8.157963752746582, "elapsed_time": 37.05861306190491, "prnt": false}
{"event": "training_step", "timestamp": 1774533769.1898472, "step": 707, "max_steps": 938, "loss": 8.149347305297852, "elapsed_time": 37.10555863380432, "prnt": false}
{"event": "training_step", "timestamp": 1774533769.2367132, "step": 708, "max_steps": 938, "loss": 8.165581703186035, "elapsed_time": 37.15234899520874, "prnt": false}
{"event": "training_step", "timestamp": 1774533769.2835162, "step": 709, "max_steps": 938, "loss": 8.185650825500488, "elapsed_time": 37.199190616607666, "prnt": false}
{"event": "training_step", "timestamp": 1774533769.3303905, "step": 710, "max_steps": 938, "loss": 8.135787963867188, "elapsed_time": 37.24610710144043, "prnt": false}
{"event": "training_step", "timestamp": 1774533769.377228, "step": 711, "max_steps": 938, "loss": 8.233129501342773, "elapsed_time": 37.292919635772705, "prnt": false}
{"event": "training_step", "timestamp": 1774533769.4240415, "step": 712, "max_steps": 938, "loss": 8.14370059967041, "elapsed_time": 37.339704751968384, "prnt": false}
{"event": "training_step", "timestamp": 1774533769.4709818, "step": 713, "max_steps": 938, "loss": 8.144420623779297, "elapsed_time": 37.386603355407715, "prnt": false}
{"event": "training_step", "timestamp": 1774533769.5178149, "step": 714, "max_steps": 938, "loss": 8.091292381286621, "elapsed_time": 37.433478355407715, "prnt": false}
{"event": "training_step", "timestamp": 1774533769.5646114, "step": 715, "max_steps": 938, "loss": 8.17741584777832, "elapsed_time": 37.48030209541321, "prnt": false}
{"event": "training_step", "timestamp": 1774533769.611511, "step": 716, "max_steps": 938, "loss": 8.119942665100098, "elapsed_time": 37.52715039253235, "prnt": false}
{"event": "training_step", "timestamp": 1774533769.658339, "step": 717, "max_steps": 938, "loss": 8.143669128417969, "elapsed_time": 37.57406425476074, "prnt": false}
{"event": "training_step", "timestamp": 1774533769.7051735, "step": 718, "max_steps": 938, "loss": 8.19652271270752, "elapsed_time": 37.620896100997925, "prnt": false}
{"event": "training_step", "timestamp": 1774533769.752067, "step": 719, "max_steps": 938, "loss": 8.133910179138184, "elapsed_time": 37.66776752471924, "prnt": false}
{"event": "training_step", "timestamp": 1774533769.7989018, "step": 720, "max_steps": 938, "loss": 8.190574645996094, "elapsed_time": 37.71453833580017, "prnt": false}
{"event": "training_step", "timestamp": 1774533769.8456802, "step": 721, "max_steps": 938, "loss": 8.188849449157715, "elapsed_time": 37.761435985565186, "prnt": false}
{"event": "training_step", "timestamp": 1774533769.8926444, "step": 722, "max_steps": 938, "loss": 8.186708450317383, "elapsed_time": 37.80828785896301, "prnt": false}
{"event": "training_step", "timestamp": 1774533769.9395137, "step": 723, "max_steps": 938, "loss": 8.15927791595459, "elapsed_time": 37.855154514312744, "prnt": false}
{"event": "training_step", "timestamp": 1774533769.9863951, "step": 724, "max_steps": 938, "loss": 8.164627075195312, "elapsed_time": 37.90197801589966, "prnt": false}
{"event": "training_step", "timestamp": 1774533770.0332959, "step": 725, "max_steps": 938, "loss": 8.156126022338867, "elapsed_time": 37.948941469192505, "prnt": false}
{"event": "training_step", "timestamp": 1774533770.0802157, "step": 726, "max_steps": 938, "loss": 8.13899040222168, "elapsed_time": 37.9957754611969, "prnt": false}
{"event": "training_step", "timestamp": 1774533770.1270356, "step": 727, "max_steps": 938, "loss": 8.171854972839355, "elapsed_time": 38.042778968811035, "prnt": false}
{"event": "training_step", "timestamp": 1774533770.1739068, "step": 728, "max_steps": 938, "loss": 8.134256362915039, "elapsed_time": 38.08960938453674, "prnt": false}
{"event": "training_step", "timestamp": 1774533770.2207828, "step": 729, "max_steps": 938, "loss": 8.174588203430176, "elapsed_time": 38.13678550720215, "prnt": false}
{"event": "training_step", "timestamp": 1774533770.2676136, "step": 730, "max_steps": 938, "loss": 8.193421363830566, "elapsed_time": 38.183289766311646, "prnt": false}
{"event": "training_step", "timestamp": 1774533770.3145583, "step": 731, "max_steps": 938, "loss": 8.185626029968262, "elapsed_time": 38.23021197319031, "prnt": false}
{"event": "training_step", "timestamp": 1774533770.3614314, "step": 732, "max_steps": 938, "loss": 8.222935676574707, "elapsed_time": 38.27705478668213, "prnt": false}
{"event": "training_step", "timestamp": 1774533770.4082434, "step": 733, "max_steps": 938, "loss": 8.212726593017578, "elapsed_time": 38.32391715049744, "prnt": false}
{"event": "training_step", "timestamp": 1774533770.4551432, "step": 734, "max_steps": 938, "loss": 8.136759757995605, "elapsed_time": 38.37078785896301, "prnt": false}
{"event": "training_step", "timestamp": 1774533770.501989, "step": 735, "max_steps": 938, "loss": 8.216442108154297, "elapsed_time": 38.41766142845154, "prnt": false}
{"event": "training_step", "timestamp": 1774533770.5488334, "step": 736, "max_steps": 938, "loss": 8.140389442443848, "elapsed_time": 38.46446919441223, "prnt": false}
{"event": "training_step", "timestamp": 1774533770.5956664, "step": 737, "max_steps": 938, "loss": 8.135306358337402, "elapsed_time": 38.51138710975647, "prnt": false}
{"event": "training_step", "timestamp": 1774533770.6424708, "step": 738, "max_steps": 938, "loss": 8.1655912399292, "elapsed_time": 38.55817008018494, "prnt": false}
{"event": "training_step", "timestamp": 1774533770.6892982, "step": 739, "max_steps": 938, "loss": 8.154250144958496, "elapsed_time": 38.60501050949097, "prnt": false}
{"event": "training_step", "timestamp": 1774533770.7362256, "step": 740, "max_steps": 938, "loss": 8.155925750732422, "elapsed_time": 38.651899099349976, "prnt": false}
{"event": "training_step", "timestamp": 1774533770.783096, "step": 741, "max_steps": 938, "loss": 8.149566650390625, "elapsed_time": 38.69873046875, "prnt": false}
{"event": "training_step", "timestamp": 1774533770.8299673, "step": 742, "max_steps": 938, "loss": 8.18398380279541, "elapsed_time": 38.745660066604614, "prnt": false}
{"event": "training_step", "timestamp": 1774533770.8768594, "step": 743, "max_steps": 938, "loss": 8.130244255065918, "elapsed_time": 38.79259395599365, "prnt": false}
{"event": "training_step", "timestamp": 1774533770.92375, "step": 744, "max_steps": 938, "loss": 8.18504810333252, "elapsed_time": 38.839351654052734, "prnt": false}
{"event": "training_step", "timestamp": 1774533770.9705687, "step": 745, "max_steps": 938, "loss": 8.193849563598633, "elapsed_time": 38.88621783256531, "prnt": false}
{"event": "training_step", "timestamp": 1774533771.0174696, "step": 746, "max_steps": 938, "loss": 8.150654792785645, "elapsed_time": 38.93313121795654, "prnt": false}
{"event": "training_step", "timestamp": 1774533771.0642586, "step": 747, "max_steps": 938, "loss": 8.149852752685547, "elapsed_time": 38.98003339767456, "prnt": false}
{"event": "training_step", "timestamp": 1774533771.111067, "step": 748, "max_steps": 938, "loss": 8.146279335021973, "elapsed_time": 39.026748180389404, "prnt": false}
{"event": "validation_step", "timestamp": 1774533771.3419144, "step": 748, "max_steps": 938, "loss": 1.7539891404307737, "elapsed_time": 39.026748180389404}
{"event": "training_step", "timestamp": 1774533771.3889654, "step": 749, "max_steps": 938, "loss": 8.151195526123047, "elapsed_time": 39.304972887039185, "prnt": false}
{"event": "training_step", "timestamp": 1774533771.4358482, "step": 750, "max_steps": 938, "loss": 8.145317077636719, "elapsed_time": 39.35149550437927, "prnt": false}
{"event": "training_step", "timestamp": 1774533771.4827216, "step": 751, "max_steps": 938, "loss": 8.145923614501953, "elapsed_time": 39.398322343826294, "prnt": false}
{"event": "training_step", "timestamp": 1774533771.529625, "step": 752, "max_steps": 938, "loss": 8.162521362304688, "elapsed_time": 39.44533181190491, "prnt": false}
{"event": "training_step", "timestamp": 1774533771.5765064, "step": 753, "max_steps": 938, "loss": 8.17558479309082, "elapsed_time": 39.49214267730713, "prnt": false}
{"event": "training_step", "timestamp": 1774533771.623391, "step": 754, "max_steps": 938, "loss": 8.170232772827148, "elapsed_time": 39.539010763168335, "prnt": false}
{"event": "training_step", "timestamp": 1774533771.6702917, "step": 755, "max_steps": 938, "loss": 8.168081283569336, "elapsed_time": 39.58600568771362, "prnt": false}
{"event": "training_step", "timestamp": 1774533771.7170935, "step": 756, "max_steps": 938, "loss": 8.181106567382812, "elapsed_time": 39.632813692092896, "prnt": false}
{"event": "training_step", "timestamp": 1774533771.763936, "step": 757, "max_steps": 938, "loss": 8.185213088989258, "elapsed_time": 39.67961144447327, "prnt": false}
{"event": "training_step", "timestamp": 1774533771.8109057, "step": 758, "max_steps": 938, "loss": 8.12168025970459, "elapsed_time": 39.726536989212036, "prnt": false}
{"event": "training_step", "timestamp": 1774533771.8577175, "step": 759, "max_steps": 938, "loss": 8.140032768249512, "elapsed_time": 39.773417472839355, "prnt": false}
{"event": "training_step", "timestamp": 1774533771.9045537, "step": 760, "max_steps": 938, "loss": 8.218473434448242, "elapsed_time": 39.82021403312683, "prnt": false}
{"event": "training_step", "timestamp": 1774533771.9514558, "step": 761, "max_steps": 938, "loss": 8.148025512695312, "elapsed_time": 39.86716270446777, "prnt": false}
{"event": "training_step", "timestamp": 1774533771.998344, "step": 762, "max_steps": 938, "loss": 8.131699562072754, "elapsed_time": 39.913984537124634, "prnt": false}
{"event": "training_step", "timestamp": 1774533772.0451825, "step": 763, "max_steps": 938, "loss": 8.12894058227539, "elapsed_time": 39.96084380149841, "prnt": false}
{"event": "training_step", "timestamp": 1774533772.0921092, "step": 764, "max_steps": 938, "loss": 8.169642448425293, "elapsed_time": 40.007834911346436, "prnt": false}
{"event": "training_step", "timestamp": 1774533772.139011, "step": 765, "max_steps": 938, "loss": 8.146036148071289, "elapsed_time": 40.054665327072144, "prnt": false}
{"event": "training_step", "timestamp": 1774533772.1858804, "step": 766, "max_steps": 938, "loss": 8.198302268981934, "elapsed_time": 40.10150504112244, "prnt": false}
{"event": "training_step", "timestamp": 1774533772.232794, "step": 767, "max_steps": 938, "loss": 8.200703620910645, "elapsed_time": 40.14843225479126, "prnt": false}
{"event": "training_step", "timestamp": 1774533772.2796261, "step": 768, "max_steps": 938, "loss": 8.153376579284668, "elapsed_time": 40.19527530670166, "prnt": false}
{"event": "training_step", "timestamp": 1774533772.3264692, "step": 769, "max_steps": 938, "loss": 8.198348045349121, "elapsed_time": 40.242109298706055, "prnt": false}
{"event": "training_step", "timestamp": 1774533772.373407, "step": 770, "max_steps": 938, "loss": 8.162086486816406, "elapsed_time": 40.28906011581421, "prnt": false}
{"event": "training_step", "timestamp": 1774533772.4202914, "step": 771, "max_steps": 938, "loss": 8.143762588500977, "elapsed_time": 40.33603763580322, "prnt": false}
{"event": "training_step", "timestamp": 1774533772.4671488, "step": 772, "max_steps": 938, "loss": 8.144373893737793, "elapsed_time": 40.382784843444824, "prnt": false}
{"event": "training_step", "timestamp": 1774533772.5140624, "step": 773, "max_steps": 938, "loss": 8.202152252197266, "elapsed_time": 40.42971062660217, "prnt": false}
{"event": "training_step", "timestamp": 1774533772.5609434, "step": 774, "max_steps": 938, "loss": 8.145509719848633, "elapsed_time": 40.47658944129944, "prnt": false}
{"event": "training_step", "timestamp": 1774533772.6078167, "step": 775, "max_steps": 938, "loss": 8.161932945251465, "elapsed_time": 40.523446559906006, "prnt": false}
{"event": "training_step", "timestamp": 1774533772.6547704, "step": 776, "max_steps": 938, "loss": 8.148087501525879, "elapsed_time": 40.570382595062256, "prnt": false}
{"event": "training_step", "timestamp": 1774533772.701619, "step": 777, "max_steps": 938, "loss": 8.168851852416992, "elapsed_time": 40.61726236343384, "prnt": false}
{"event": "training_step", "timestamp": 1774533772.7484584, "step": 778, "max_steps": 938, "loss": 8.146198272705078, "elapsed_time": 40.66406965255737, "prnt": false}
{"event": "training_step", "timestamp": 1774533772.7954092, "step": 779, "max_steps": 938, "loss": 8.1510648727417, "elapsed_time": 40.71109104156494, "prnt": false}
{"event": "training_step", "timestamp": 1774533772.8422375, "step": 780, "max_steps": 938, "loss": 8.195465087890625, "elapsed_time": 40.757895946502686, "prnt": false}
{"event": "training_step", "timestamp": 1774533772.8891108, "step": 781, "max_steps": 938, "loss": 8.156820297241211, "elapsed_time": 40.8047239780426, "prnt": false}
{"event": "training_step", "timestamp": 1774533772.9360006, "step": 782, "max_steps": 938, "loss": 8.136316299438477, "elapsed_time": 40.851701736450195, "prnt": false}
{"event": "training_step", "timestamp": 1774533772.9828901, "step": 783, "max_steps": 938, "loss": 8.128642082214355, "elapsed_time": 40.89852452278137, "prnt": false}
{"event": "training_step", "timestamp": 1774533773.0297775, "step": 784, "max_steps": 938, "loss": 8.175052642822266, "elapsed_time": 40.94541072845459, "prnt": false}
{"event": "training_step", "timestamp": 1774533773.076634, "step": 785, "max_steps": 938, "loss": 8.178558349609375, "elapsed_time": 40.99236273765564, "prnt": false}
{"event": "training_step", "timestamp": 1774533773.1234872, "step": 786, "max_steps": 938, "loss": 8.102458953857422, "elapsed_time": 41.03913593292236, "prnt": false}
{"event": "training_step", "timestamp": 1774533773.1703825, "step": 787, "max_steps": 938, "loss": 8.177494049072266, "elapsed_time": 41.08596992492676, "prnt": false}
{"event": "training_step", "timestamp": 1774533773.2173548, "step": 788, "max_steps": 938, "loss": 8.173062324523926, "elapsed_time": 41.13294863700867, "prnt": false}
{"event": "training_step", "timestamp": 1774533773.264234, "step": 789, "max_steps": 938, "loss": 8.151481628417969, "elapsed_time": 41.17991065979004, "prnt": false}
{"event": "training_step", "timestamp": 1774533773.3110695, "step": 790, "max_steps": 938, "loss": 8.170536994934082, "elapsed_time": 41.22671723365784, "prnt": false}
{"event": "training_step", "timestamp": 1774533773.3579884, "step": 791, "max_steps": 938, "loss": 8.134387969970703, "elapsed_time": 41.27363157272339, "prnt": false}
{"event": "training_step", "timestamp": 1774533773.4047942, "step": 792, "max_steps": 938, "loss": 8.18341064453125, "elapsed_time": 41.32049036026001, "prnt": false}
{"event": "validation_step", "timestamp": 1774533773.635644, "step": 792, "max_steps": 938, "loss": 1.7536099302589592, "elapsed_time": 41.32049036026001}
{"event": "training_step", "timestamp": 1774533773.682649, "step": 793, "max_steps": 938, "loss": 8.127362251281738, "elapsed_time": 41.59850287437439, "prnt": false}
{"event": "training_step", "timestamp": 1774533773.7296093, "step": 794, "max_steps": 938, "loss": 8.17011547088623, "elapsed_time": 41.64532995223999, "prnt": false}
{"event": "training_step", "timestamp": 1774533773.7764401, "step": 795, "max_steps": 938, "loss": 8.138717651367188, "elapsed_time": 41.692123889923096, "prnt": false}
{"event": "training_step", "timestamp": 1774533773.8233762, "step": 796, "max_steps": 938, "loss": 8.16400146484375, "elapsed_time": 41.738945722579956, "prnt": false}
{"event": "training_step", "timestamp": 1774533773.8703134, "step": 797, "max_steps": 938, "loss": 8.17345905303955, "elapsed_time": 41.786004304885864, "prnt": false}
{"event": "training_step", "timestamp": 1774533773.9171646, "step": 798, "max_steps": 938, "loss": 8.147723197937012, "elapsed_time": 41.83281230926514, "prnt": false}
{"event": "training_step", "timestamp": 1774533773.9639986, "step": 799, "max_steps": 938, "loss": 8.191612243652344, "elapsed_time": 41.87966251373291, "prnt": false}
{"event": "training_step", "timestamp": 1774533774.0109673, "step": 800, "max_steps": 938, "loss": 8.18102741241455, "elapsed_time": 41.92656707763672, "prnt": false}
{"event": "training_step", "timestamp": 1774533774.0578156, "step": 801, "max_steps": 938, "loss": 8.137080192565918, "elapsed_time": 41.97347331047058, "prnt": false}
{"event": "training_step", "timestamp": 1774533774.1046524, "step": 802, "max_steps": 938, "loss": 8.160534858703613, "elapsed_time": 42.0203173160553, "prnt": false}
{"event": "training_step", "timestamp": 1774533774.1515422, "step": 803, "max_steps": 938, "loss": 8.159624099731445, "elapsed_time": 42.06722903251648, "prnt": false}
{"event": "training_step", "timestamp": 1774533774.1983929, "step": 804, "max_steps": 938, "loss": 8.182079315185547, "elapsed_time": 42.114046812057495, "prnt": false}
{"event": "training_step", "timestamp": 1774533774.245427, "step": 805, "max_steps": 938, "loss": 8.167899131774902, "elapsed_time": 42.161112785339355, "prnt": false}
{"event": "training_step", "timestamp": 1774533774.2923386, "step": 806, "max_steps": 938, "loss": 8.170110702514648, "elapsed_time": 42.207956075668335, "prnt": false}
{"event": "training_step", "timestamp": 1774533774.3392022, "step": 807, "max_steps": 938, "loss": 8.150655746459961, "elapsed_time": 42.25483751296997, "prnt": false}
{"event": "training_step", "timestamp": 1774533774.3861508, "step": 808, "max_steps": 938, "loss": 8.187267303466797, "elapsed_time": 42.301751375198364, "prnt": false}
{"event": "training_step", "timestamp": 1774533774.4329922, "step": 809, "max_steps": 938, "loss": 8.174473762512207, "elapsed_time": 42.34863209724426, "prnt": false}
{"event": "training_step", "timestamp": 1774533774.4798784, "step": 810, "max_steps": 938, "loss": 8.165498733520508, "elapsed_time": 42.39546775817871, "prnt": false}
{"event": "training_step", "timestamp": 1774533774.5267742, "step": 811, "max_steps": 938, "loss": 8.14633846282959, "elapsed_time": 42.442421674728394, "prnt": false}
{"event": "training_step", "timestamp": 1774533774.573645, "step": 812, "max_steps": 938, "loss": 8.158293724060059, "elapsed_time": 42.48925590515137, "prnt": false}
{"event": "training_step", "timestamp": 1774533774.6205246, "step": 813, "max_steps": 938, "loss": 8.176961898803711, "elapsed_time": 42.53614830970764, "prnt": false}
{"event": "training_step", "timestamp": 1774533774.6674569, "step": 814, "max_steps": 938, "loss": 8.191015243530273, "elapsed_time": 42.58305907249451, "prnt": false}
{"event": "training_step", "timestamp": 1774533774.7143674, "step": 815, "max_steps": 938, "loss": 8.123820304870605, "elapsed_time": 42.62996959686279, "prnt": false}
{"event": "training_step", "timestamp": 1774533774.7612846, "step": 816, "max_steps": 938, "loss": 8.147320747375488, "elapsed_time": 42.67685103416443, "prnt": false}
{"event": "training_step", "timestamp": 1774533774.808201, "step": 817, "max_steps": 938, "loss": 8.13927173614502, "elapsed_time": 42.72386717796326, "prnt": false}
{"event": "training_step", "timestamp": 1774533774.8550992, "step": 818, "max_steps": 938, "loss": 8.18185043334961, "elapsed_time": 42.77070951461792, "prnt": false}
{"event": "training_step", "timestamp": 1774533774.9019814, "step": 819, "max_steps": 938, "loss": 8.182077407836914, "elapsed_time": 42.81759834289551, "prnt": false}
{"event": "training_step", "timestamp": 1774533774.9489076, "step": 820, "max_steps": 938, "loss": 8.155534744262695, "elapsed_time": 42.86461615562439, "prnt": false}
{"event": "training_step", "timestamp": 1774533774.9957657, "step": 821, "max_steps": 938, "loss": 8.16580867767334, "elapsed_time": 42.91150259971619, "prnt": false}
{"event": "training_step", "timestamp": 1774533775.0426402, "step": 822, "max_steps": 938, "loss": 8.176810264587402, "elapsed_time": 42.95825505256653, "prnt": false}
{"event": "training_step", "timestamp": 1774533775.0895925, "step": 823, "max_steps": 938, "loss": 8.179713249206543, "elapsed_time": 43.005191802978516, "prnt": false}
{"event": "training_step", "timestamp": 1774533775.1364725, "step": 824, "max_steps": 938, "loss": 8.199463844299316, "elapsed_time": 43.052098989486694, "prnt": false}
{"event": "training_step", "timestamp": 1774533775.183286, "step": 825, "max_steps": 938, "loss": 8.159272193908691, "elapsed_time": 43.09897327423096, "prnt": false}
{"event": "training_step", "timestamp": 1774533775.230279, "step": 826, "max_steps": 938, "loss": 8.157228469848633, "elapsed_time": 43.145836353302, "prnt": false}
{"event": "training_step", "timestamp": 1774533775.277109, "step": 827, "max_steps": 938, "loss": 8.143413543701172, "elapsed_time": 43.192786693573, "prnt": false}
{"event": "training_step", "timestamp": 1774533775.3240345, "step": 828, "max_steps": 938, "loss": 8.1425199508667, "elapsed_time": 43.23962903022766, "prnt": false}
{"event": "training_step", "timestamp": 1774533775.3709228, "step": 829, "max_steps": 938, "loss": 8.126378059387207, "elapsed_time": 43.28659224510193, "prnt": false}
{"event": "training_step", "timestamp": 1774533775.4178343, "step": 830, "max_steps": 938, "loss": 8.131549835205078, "elapsed_time": 43.333399295806885, "prnt": false}
{"event": "training_step", "timestamp": 1774533775.4647217, "step": 831, "max_steps": 938, "loss": 8.14697265625, "elapsed_time": 43.380372762680054, "prnt": false}
{"event": "training_step", "timestamp": 1774533775.5117204, "step": 832, "max_steps": 938, "loss": 8.160884857177734, "elapsed_time": 43.427321672439575, "prnt": false}
{"event": "training_step", "timestamp": 1774533775.5585659, "step": 833, "max_steps": 938, "loss": 8.134627342224121, "elapsed_time": 43.47419571876526, "prnt": false}
{"event": "training_step", "timestamp": 1774533775.6054287, "step": 834, "max_steps": 938, "loss": 8.161347389221191, "elapsed_time": 43.521045446395874, "prnt": false}
{"event": "training_step", "timestamp": 1774533775.6523714, "step": 835, "max_steps": 938, "loss": 8.145687103271484, "elapsed_time": 43.56796383857727, "prnt": false}
{"event": "training_step", "timestamp": 1774533775.6993058, "step": 836, "max_steps": 938, "loss": 8.178929328918457, "elapsed_time": 43.61503338813782, "prnt": false}
{"event": "validation_step", "timestamp": 1774533775.930219, "step": 836, "max_steps": 938, "loss": 1.7533921213341308, "elapsed_time": 43.61503338813782}
{"event": "training_step", "timestamp": 1774533775.977162, "step": 837, "max_steps": 938, "loss": 8.1633882522583, "elapsed_time": 43.89295816421509, "prnt": false}
{"event": "training_step", "timestamp": 1774533776.024109, "step": 838, "max_steps": 938, "loss": 8.132451057434082, "elapsed_time": 43.93974304199219, "prnt": false}
{"event": "training_step", "timestamp": 1774533776.0710003, "step": 839, "max_steps": 938, "loss": 8.127717971801758, "elapsed_time": 43.986621618270874, "prnt": false}
{"event": "training_step", "timestamp": 1774533776.117852, "step": 840, "max_steps": 938, "loss": 8.15540599822998, "elapsed_time": 44.03349041938782, "prnt": false}
{"event": "training_step", "timestamp": 1774533776.1647944, "step": 841, "max_steps": 938, "loss": 8.145133972167969, "elapsed_time": 44.08047699928284, "prnt": false}
{"event": "training_step", "timestamp": 1774533776.2116957, "step": 842, "max_steps": 938, "loss": 8.161538124084473, "elapsed_time": 44.127281665802, "prnt": false}
{"event": "training_step", "timestamp": 1774533776.2585788, "step": 843, "max_steps": 938, "loss": 8.179890632629395, "elapsed_time": 44.17420196533203, "prnt": false}
{"event": "training_step", "timestamp": 1774533776.3055367, "step": 844, "max_steps": 938, "loss": 8.131686210632324, "elapsed_time": 44.22114419937134, "prnt": false}
{"event": "training_step", "timestamp": 1774533776.3524017, "step": 845, "max_steps": 938, "loss": 8.228689193725586, "elapsed_time": 44.26805257797241, "prnt": false}
{"event": "training_step", "timestamp": 1774533776.3992891, "step": 846, "max_steps": 938, "loss": 8.135307312011719, "elapsed_time": 44.3148980140686, "prnt": false}
{"event": "training_step", "timestamp": 1774533776.4462218, "step": 847, "max_steps": 938, "loss": 8.141386032104492, "elapsed_time": 44.36187219619751, "prnt": false}
{"event": "training_step", "timestamp": 1774533776.4931018, "step": 848, "max_steps": 938, "loss": 8.088048934936523, "elapsed_time": 44.40876340866089, "prnt": false}
{"event": "training_step", "timestamp": 1774533776.5399218, "step": 849, "max_steps": 938, "loss": 8.175239562988281, "elapsed_time": 44.455623388290405, "prnt": false}
{"event": "training_step", "timestamp": 1774533776.586895, "step": 850, "max_steps": 938, "loss": 8.113484382629395, "elapsed_time": 44.50250196456909, "prnt": false}
{"event": "training_step", "timestamp": 1774533776.6337695, "step": 851, "max_steps": 938, "loss": 8.14017391204834, "elapsed_time": 44.54940390586853, "prnt": false}
{"event": "training_step", "timestamp": 1774533776.6806686, "step": 852, "max_steps": 938, "loss": 8.189789772033691, "elapsed_time": 44.596264123916626, "prnt": false}
{"event": "training_step", "timestamp": 1774533776.7276318, "step": 853, "max_steps": 938, "loss": 8.129298210144043, "elapsed_time": 44.64325523376465, "prnt": false}
{"event": "training_step", "timestamp": 1774533776.774536, "step": 854, "max_steps": 938, "loss": 8.1865816116333, "elapsed_time": 44.690187215805054, "prnt": false}
{"event": "training_step", "timestamp": 1774533776.8214047, "step": 855, "max_steps": 938, "loss": 8.182463645935059, "elapsed_time": 44.73701786994934, "prnt": false}
{"event": "training_step", "timestamp": 1774533776.868375, "step": 856, "max_steps": 938, "loss": 8.17940616607666, "elapsed_time": 44.78398871421814, "prnt": false}
{"event": "training_step", "timestamp": 1774533776.9152446, "step": 857, "max_steps": 938, "loss": 8.153636932373047, "elapsed_time": 44.83107805252075, "prnt": false}
{"event": "training_step", "timestamp": 1774533776.9621837, "step": 858, "max_steps": 938, "loss": 8.159242630004883, "elapsed_time": 44.877755880355835, "prnt": false}
{"event": "training_step", "timestamp": 1774533777.0091248, "step": 859, "max_steps": 938, "loss": 8.153005599975586, "elapsed_time": 44.924785137176514, "prnt": false}
{"event": "training_step", "timestamp": 1774533777.0561728, "step": 860, "max_steps": 938, "loss": 8.135465621948242, "elapsed_time": 44.972418785095215, "prnt": false}
{"event": "training_step", "timestamp": 1774533777.103065, "step": 861, "max_steps": 938, "loss": 8.164680480957031, "elapsed_time": 45.018757343292236, "prnt": false}
{"event": "training_step", "timestamp": 1774533777.15004, "step": 862, "max_steps": 938, "loss": 8.132208824157715, "elapsed_time": 45.0658164024353, "prnt": false}
{"event": "training_step", "timestamp": 1774533777.1970024, "step": 863, "max_steps": 938, "loss": 8.170597076416016, "elapsed_time": 45.11274719238281, "prnt": false}
{"event": "training_step", "timestamp": 1774533777.2438705, "step": 864, "max_steps": 938, "loss": 8.19084644317627, "elapsed_time": 45.15951871871948, "prnt": false}
{"event": "training_step", "timestamp": 1774533777.290879, "step": 865, "max_steps": 938, "loss": 8.18405818939209, "elapsed_time": 45.20647478103638, "prnt": false}
{"event": "training_step", "timestamp": 1774533777.3377962, "step": 866, "max_steps": 938, "loss": 8.219497680664062, "elapsed_time": 45.25339674949646, "prnt": false}
{"event": "training_step", "timestamp": 1774533777.384633, "step": 867, "max_steps": 938, "loss": 8.208863258361816, "elapsed_time": 45.300310134887695, "prnt": false}
{"event": "training_step", "timestamp": 1774533777.4316077, "step": 868, "max_steps": 938, "loss": 8.13161849975586, "elapsed_time": 45.34724807739258, "prnt": false}
{"event": "training_step", "timestamp": 1774533777.478509, "step": 869, "max_steps": 938, "loss": 8.211691856384277, "elapsed_time": 45.39410734176636, "prnt": false}
{"event": "training_step", "timestamp": 1774533777.5253687, "step": 870, "max_steps": 938, "loss": 8.139909744262695, "elapsed_time": 45.44099831581116, "prnt": false}
{"event": "training_step", "timestamp": 1774533777.5722787, "step": 871, "max_steps": 938, "loss": 8.12981128692627, "elapsed_time": 45.48797869682312, "prnt": false}
{"event": "training_step", "timestamp": 1774533777.619159, "step": 872, "max_steps": 938, "loss": 8.15782642364502, "elapsed_time": 45.534806966781616, "prnt": false}
{"event": "training_step", "timestamp": 1774533777.6659956, "step": 873, "max_steps": 938, "loss": 8.148111343383789, "elapsed_time": 45.58170795440674, "prnt": false}
{"event": "training_step", "timestamp": 1774533777.7130258, "step": 874, "max_steps": 938, "loss": 8.151991844177246, "elapsed_time": 45.62863254547119, "prnt": false}
{"event": "training_step", "timestamp": 1774533777.7599275, "step": 875, "max_steps": 938, "loss": 8.143543243408203, "elapsed_time": 45.675546169281006, "prnt": false}
{"event": "training_step", "timestamp": 1774533777.8067694, "step": 876, "max_steps": 938, "loss": 8.181169509887695, "elapsed_time": 45.72244071960449, "prnt": false}
{"event": "training_step", "timestamp": 1774533777.853715, "step": 877, "max_steps": 938, "loss": 8.1257905960083, "elapsed_time": 45.769389629364014, "prnt": false}
{"event": "training_step", "timestamp": 1774533777.9005175, "step": 878, "max_steps": 938, "loss": 8.180631637573242, "elapsed_time": 45.81620121002197, "prnt": false}
{"event": "training_step", "timestamp": 1774533777.9473932, "step": 879, "max_steps": 938, "loss": 8.188312530517578, "elapsed_time": 45.86305379867554, "prnt": false}
{"event": "training_step", "timestamp": 1774533777.9943433, "step": 880, "max_steps": 938, "loss": 8.14653205871582, "elapsed_time": 45.91009497642517, "prnt": false}
{"event": "validation_step", "timestamp": 1774533778.2253878, "step": 880, "max_steps": 938, "loss": 1.7533043972150455, "elapsed_time": 45.91009497642517}
{"event": "training_step", "timestamp": 1774533778.2724106, "step": 881, "max_steps": 938, "loss": 8.142985343933105, "elapsed_time": 46.18861269950867, "prnt": false}
{"event": "training_step", "timestamp": 1774533778.319295, "step": 882, "max_steps": 938, "loss": 8.142721176147461, "elapsed_time": 46.23499011993408, "prnt": false}
{"event": "training_step", "timestamp": 1774533778.3662221, "step": 883, "max_steps": 938, "loss": 8.147908210754395, "elapsed_time": 46.28190040588379, "prnt": false}
{"event": "training_step", "timestamp": 1774533778.4131227, "step": 884, "max_steps": 938, "loss": 8.143386840820312, "elapsed_time": 46.328784465789795, "prnt": false}
{"event": "training_step", "timestamp": 1774533778.460032, "step": 885, "max_steps": 938, "loss": 8.144238471984863, "elapsed_time": 46.37564182281494, "prnt": false}
{"event": "training_step", "timestamp": 1774533778.5069604, "step": 886, "max_steps": 938, "loss": 8.157743453979492, "elapsed_time": 46.42264199256897, "prnt": false}
{"event": "training_step", "timestamp": 1774533778.553841, "step": 887, "max_steps": 938, "loss": 8.174226760864258, "elapsed_time": 46.46952247619629, "prnt": false}
{"event": "training_step", "timestamp": 1774533778.600738, "step": 888, "max_steps": 938, "loss": 8.163361549377441, "elapsed_time": 46.51636075973511, "prnt": false}
{"event": "training_step", "timestamp": 1774533778.647697, "step": 889, "max_steps": 938, "loss": 8.165249824523926, "elapsed_time": 46.56332468986511, "prnt": false}
{"event": "training_step", "timestamp": 1774533778.6946335, "step": 890, "max_steps": 938, "loss": 8.178638458251953, "elapsed_time": 46.610265254974365, "prnt": false}
{"event": "training_step", "timestamp": 1774533778.7415168, "step": 891, "max_steps": 938, "loss": 8.182900428771973, "elapsed_time": 46.65722870826721, "prnt": false}
{"event": "training_step", "timestamp": 1774533778.788451, "step": 892, "max_steps": 938, "loss": 8.117584228515625, "elapsed_time": 46.7041380405426, "prnt": false}
{"event": "training_step", "timestamp": 1774533778.835353, "step": 893, "max_steps": 938, "loss": 8.139320373535156, "elapsed_time": 46.75098776817322, "prnt": false}
{"event": "training_step", "timestamp": 1774533778.8822424, "step": 894, "max_steps": 938, "loss": 8.214224815368652, "elapsed_time": 46.79789996147156, "prnt": false}
{"event": "training_step", "timestamp": 1774533778.9291682, "step": 895, "max_steps": 938, "loss": 8.148089408874512, "elapsed_time": 46.844876766204834, "prnt": false}
{"event": "training_step", "timestamp": 1774533778.976084, "step": 896, "max_steps": 938, "loss": 8.132131576538086, "elapsed_time": 46.89175009727478, "prnt": false}
{"event": "training_step", "timestamp": 1774533779.0230222, "step": 897, "max_steps": 938, "loss": 8.123174667358398, "elapsed_time": 46.938597202301025, "prnt": false}
{"event": "training_step", "timestamp": 1774533779.0699847, "step": 898, "max_steps": 938, "loss": 8.166725158691406, "elapsed_time": 46.98563241958618, "prnt": false}
{"event": "training_step", "timestamp": 1774533779.1168594, "step": 899, "max_steps": 938, "loss": 8.141231536865234, "elapsed_time": 47.03252911567688, "prnt": false}
{"event": "training_step", "timestamp": 1774533779.1637723, "step": 900, "max_steps": 938, "loss": 8.19627571105957, "elapsed_time": 47.0796275138855, "prnt": false}
{"event": "training_step", "timestamp": 1774533779.21077, "step": 901, "max_steps": 938, "loss": 8.19836711883545, "elapsed_time": 47.12647581100464, "prnt": false}
{"event": "training_step", "timestamp": 1774533779.2576287, "step": 902, "max_steps": 938, "loss": 8.15081787109375, "elapsed_time": 47.17332601547241, "prnt": false}
{"event": "training_step", "timestamp": 1774533779.3044705, "step": 903, "max_steps": 938, "loss": 8.194206237792969, "elapsed_time": 47.22013521194458, "prnt": false}
{"event": "training_step", "timestamp": 1774533779.3515031, "step": 904, "max_steps": 938, "loss": 8.15853500366211, "elapsed_time": 47.267122983932495, "prnt": false}
{"event": "training_step", "timestamp": 1774533779.398385, "step": 905, "max_steps": 938, "loss": 8.140138626098633, "elapsed_time": 47.31401801109314, "prnt": false}
{"event": "training_step", "timestamp": 1774533779.4454336, "step": 906, "max_steps": 938, "loss": 8.140878677368164, "elapsed_time": 47.36155438423157, "prnt": false}
{"event": "training_step", "timestamp": 1774533779.4924603, "step": 907, "max_steps": 938, "loss": 8.19816780090332, "elapsed_time": 47.40805792808533, "prnt": false}
{"event": "training_step", "timestamp": 1774533779.539388, "step": 908, "max_steps": 938, "loss": 8.145780563354492, "elapsed_time": 47.45502281188965, "prnt": false}
{"event": "training_step", "timestamp": 1774533779.586281, "step": 909, "max_steps": 938, "loss": 8.156028747558594, "elapsed_time": 47.501925230026245, "prnt": false}
{"event": "training_step", "timestamp": 1774533779.6332176, "step": 910, "max_steps": 938, "loss": 8.145514488220215, "elapsed_time": 47.54892134666443, "prnt": false}
{"event": "training_step", "timestamp": 1774533779.6801393, "step": 911, "max_steps": 938, "loss": 8.168801307678223, "elapsed_time": 47.595741271972656, "prnt": false}
{"event": "training_step", "timestamp": 1774533779.727035, "step": 912, "max_steps": 938, "loss": 8.14598274230957, "elapsed_time": 47.64266872406006, "prnt": false}
{"event": "training_step", "timestamp": 1774533779.773991, "step": 913, "max_steps": 938, "loss": 8.149454116821289, "elapsed_time": 47.68966007232666, "prnt": false}
{"event": "training_step", "timestamp": 1774533779.820903, "step": 914, "max_steps": 938, "loss": 8.192190170288086, "elapsed_time": 47.736547231674194, "prnt": false}
{"event": "training_step", "timestamp": 1774533779.867791, "step": 915, "max_steps": 938, "loss": 8.156189918518066, "elapsed_time": 47.78345322608948, "prnt": false}
{"event": "training_step", "timestamp": 1774533779.9148405, "step": 916, "max_steps": 938, "loss": 8.135202407836914, "elapsed_time": 47.83042645454407, "prnt": false}
{"event": "training_step", "timestamp": 1774533779.9617324, "step": 917, "max_steps": 938, "loss": 8.122846603393555, "elapsed_time": 47.87735056877136, "prnt": false}
{"event": "training_step", "timestamp": 1774533780.0086246, "step": 918, "max_steps": 938, "loss": 8.176406860351562, "elapsed_time": 47.924245834350586, "prnt": false}
{"event": "training_step", "timestamp": 1774533780.0556211, "step": 919, "max_steps": 938, "loss": 8.178091049194336, "elapsed_time": 47.97124481201172, "prnt": false}
{"event": "training_step", "timestamp": 1774533780.102464, "step": 920, "max_steps": 938, "loss": 8.102034568786621, "elapsed_time": 48.018121004104614, "prnt": false}
{"event": "training_step", "timestamp": 1774533780.1493123, "step": 921, "max_steps": 938, "loss": 8.175924301147461, "elapsed_time": 48.065001487731934, "prnt": false}
{"event": "training_step", "timestamp": 1774533780.196299, "step": 922, "max_steps": 938, "loss": 8.171636581420898, "elapsed_time": 48.111902713775635, "prnt": false}
{"event": "training_step", "timestamp": 1774533780.243237, "step": 923, "max_steps": 938, "loss": 8.148344039916992, "elapsed_time": 48.15879583358765, "prnt": false}
{"event": "training_step", "timestamp": 1774533780.2901165, "step": 924, "max_steps": 938, "loss": 8.166278839111328, "elapsed_time": 48.20578670501709, "prnt": false}
{"event": "validation_step", "timestamp": 1774533780.5212123, "step": 924, "max_steps": 938, "loss": 1.753284579092968, "elapsed_time": 48.20578670501709}
{"event": "training_step", "timestamp": 1774533780.5682144, "step": 925, "max_steps": 938, "loss": 8.13216495513916, "elapsed_time": 48.48403549194336, "prnt": false}
{"event": "training_step", "timestamp": 1774533780.6151335, "step": 926, "max_steps": 938, "loss": 8.180368423461914, "elapsed_time": 48.53079652786255, "prnt": false}
{"event": "training_step", "timestamp": 1774533780.6620278, "step": 927, "max_steps": 938, "loss": 8.12490463256836, "elapsed_time": 48.577646017074585, "prnt": false}
{"event": "training_step", "timestamp": 1774533780.708955, "step": 928, "max_steps": 938, "loss": 8.171134948730469, "elapsed_time": 48.62463855743408, "prnt": false}
{"event": "training_step", "timestamp": 1774533780.7558918, "step": 929, "max_steps": 938, "loss": 8.134644508361816, "elapsed_time": 48.671494007110596, "prnt": false}
{"event": "training_step", "timestamp": 1774533780.8028266, "step": 930, "max_steps": 938, "loss": 8.162785530090332, "elapsed_time": 48.71841263771057, "prnt": false}
{"event": "training_step", "timestamp": 1774533780.8497767, "step": 931, "max_steps": 938, "loss": 8.168045043945312, "elapsed_time": 48.765424966812134, "prnt": false}
{"event": "training_step", "timestamp": 1774533780.896681, "step": 932, "max_steps": 938, "loss": 8.147090911865234, "elapsed_time": 48.812339544296265, "prnt": false}
{"event": "training_step", "timestamp": 1774533780.9435623, "step": 933, "max_steps": 938, "loss": 8.193167686462402, "elapsed_time": 48.85921001434326, "prnt": false}
{"event": "training_step", "timestamp": 1774533780.9905362, "step": 934, "max_steps": 938, "loss": 8.18150806427002, "elapsed_time": 48.90616822242737, "prnt": false}
{"event": "training_step", "timestamp": 1774533781.037462, "step": 935, "max_steps": 938, "loss": 8.138203620910645, "elapsed_time": 48.95312190055847, "prnt": false}
{"event": "training_step", "timestamp": 1774533781.0843403, "step": 936, "max_steps": 938, "loss": 8.16031265258789, "elapsed_time": 48.99999928474426, "prnt": false}
{"event": "training_step", "timestamp": 1774533781.1312807, "step": 937, "max_steps": 938, "loss": 8.159088134765625, "elapsed_time": 49.046993255615234, "prnt": false}
{"event": "training_step", "timestamp": 1774533781.1781497, "step": 938, "max_steps": 938, "loss": 8.178756713867188, "elapsed_time": 49.09382128715515, "prnt": false}
{"event": "validation_step", "timestamp": 1774533781.4125855, "step": 938, "max_steps": 938, "loss": 1.7532843300847822, "elapsed_time": 49.09382128715515}
